state,date,total_beds,occupied_beds,occupancy_rate
ANDAMAN & NICOBAR ISLANDS,2020-01-01,1246.0,817,0.6561810178271044
ANDAMAN & NICOBAR ISLANDS,2020-02-01,1246.0,925,0.7426071459614874
ANDAMAN & NICOBAR ISLANDS,2020-03-01,1246.0,884,0.7097990912717107
ANDAMAN & NICOBAR ISLANDS,2020-04-01,1246.0,1246,1.1197316968394073
ANDAMAN & NICOBAR ISLANDS,2020-05-01,1246.0,1246,1.0312037280884874
ANDAMAN & NICOBAR ISLANDS,2020-06-01,1246.0,1246,1.0311989040672405
ANDAMAN & NICOBAR ISLANDS,2020-07-01,1246.0,758,0.6087125418252299
ANDAMAN & NICOBAR ISLANDS,2020-08-01,1246.0,909,0.7299264218662402
ANDAMAN & NICOBAR ISLANDS,2020-09-01,1246.0,1246,1.1202230023486417
ANDAMAN & NICOBAR ISLANDS,2020-10-01,1246.0,1246,1.141614515559209
ANDAMAN & NICOBAR ISLANDS,2020-11-01,1246.0,1246,1.0041168988591604
ANDAMAN & NICOBAR ISLANDS,2020-12-01,1246.0,928,0.7454864778242991
ANDAMAN & NICOBAR ISLANDS,2021-01-01,1246.0,903,0.7248663961200632
ANDAMAN & NICOBAR ISLANDS,2021-02-01,1246.0,787,0.6318508666017414
ANDAMAN & NICOBAR ISLANDS,2021-03-01,1246.0,781,0.627273745081065
ANDAMAN & NICOBAR ISLANDS,2021-04-01,1246.0,1246,1.0366809019706869
ANDAMAN & NICOBAR ISLANDS,2021-05-01,1246.0,1246,1.0608484485919076
ANDAMAN & NICOBAR ISLANDS,2021-06-01,1246.0,1246,1.1049512863264475
ANDAMAN & NICOBAR ISLANDS,2021-07-01,1246.0,828,0.6647917527963173
ANDAMAN & NICOBAR ISLANDS,2021-08-01,1246.0,802,0.6436843710297062
ANDAMAN & NICOBAR ISLANDS,2021-09-01,1246.0,1246,1.1223705789444758
ANDAMAN & NICOBAR ISLANDS,2021-10-01,1246.0,1246,1.0278987721304083
ANDAMAN & NICOBAR ISLANDS,2021-11-01,1246.0,1246,1.0584289297070437
ANDAMAN & NICOBAR ISLANDS,2021-12-01,1246.0,816,0.6549542764940537
ANDHRA PRADESH,2020-01-01,60799.0,40638,0.6684104976325553
ANDHRA PRADESH,2020-02-01,60799.0,43640,0.717776394208952
ANDHRA PRADESH,2020-03-01,60799.0,38300,0.6299510673237539
ANDHRA PRADESH,2020-04-01,60799.0,60799,1.1028468876827222
ANDHRA PRADESH,2020-05-01,60799.0,60799,1.1184829137724084
ANDHRA PRADESH,2020-06-01,60799.0,60799,1.0092900825439994
ANDHRA PRADESH,2020-07-01,60799.0,42020,0.6911317277852157
ANDHRA PRADESH,2020-08-01,60799.0,38034,0.6255786185530937
ANDHRA PRADESH,2020-09-01,60799.0,60799,1.0130103185970558
ANDHRA PRADESH,2020-10-01,60799.0,60799,1.1897771074506667
ANDHRA PRADESH,2020-11-01,60799.0,60799,1.1931264066149119
ANDHRA PRADESH,2020-12-01,60799.0,43851,0.7212596022174692
ANDHRA PRADESH,2021-01-01,60799.0,39257,0.6456920653760055
ANDHRA PRADESH,2021-02-01,60799.0,37370,0.6146508171009576
ANDHRA PRADESH,2021-03-01,60799.0,42719,0.7026349539768235
ANDHRA PRADESH,2021-04-01,60799.0,60799,1.0880304987479201
ANDHRA PRADESH,2021-05-01,60799.0,60799,1.0244076469689558
ANDHRA PRADESH,2021-06-01,60799.0,60799,1.099035382022254
ANDHRA PRADESH,2021-07-01,60799.0,36793,0.6051582781672827
ANDHRA PRADESH,2021-08-01,60799.0,44772,0.7363980603118173
ANDHRA PRADESH,2021-09-01,60799.0,60799,1.0517559963200034
ANDHRA PRADESH,2021-10-01,60799.0,60799,1.1325044568707963
ANDHRA PRADESH,2021-11-01,60799.0,60799,1.062342215217882
ANDHRA PRADESH,2021-12-01,60799.0,41222,0.6780102031766716
ASSAM,2020-01-01,19115.0,13036,0.6820065419014919
ASSAM,2020-02-01,19115.0,11999,0.627728168328829
ASSAM,2020-03-01,19115.0,14249,0.7454376941646838
ASSAM,2020-04-01,19115.0,19115,1.1550265646722229
ASSAM,2020-05-01,19115.0,19115,1.1878997883128377
ASSAM,2020-06-01,19115.0,19115,1.1789654700855297
ASSAM,2020-07-01,19115.0,13183,0.6896849968216627
ASSAM,2020-08-01,19115.0,14112,0.7382811352534675
ASSAM,2020-09-01,19115.0,19115,1.0176985004103838
ASSAM,2020-10-01,19115.0,19115,1.039196572483829
ASSAM,2020-11-01,19115.0,19115,1.0090454577821075
ASSAM,2020-12-01,19115.0,12401,0.6487995496144896
ASSAM,2021-01-01,19115.0,12583,0.6583015934534223
ASSAM,2021-02-01,19115.0,12247,0.6407023547660844
ASSAM,2021-03-01,19115.0,13845,0.7243106263727894
ASSAM,2021-04-01,19115.0,19115,1.071350665338718
ASSAM,2021-05-01,19115.0,19115,1.056186901937476
ASSAM,2021-06-01,19115.0,19115,1.1085392166316497
ASSAM,2021-07-01,19115.0,11873,0.6211386337462144
ASSAM,2021-08-01,19115.0,13769,0.7203295471131059
ASSAM,2021-09-01,19115.0,19115,1.014910128735954
ASSAM,2021-10-01,19115.0,19115,1.1973773873201035
ASSAM,2021-11-01,19115.0,19115,1.1544489538593314
ASSAM,2021-12-01,19115.0,12038,0.6298073522301258
BIHAR,2020-01-01,17796.0,10692,0.6008283175685404
BIHAR,2020-02-01,17796.0,12854,0.7223192142682251
BIHAR,2020-03-01,17796.0,12564,0.7060286015771425
BIHAR,2020-04-01,17796.0,17796,1.1458014336081974
BIHAR,2020-05-01,17796.0,17796,1.1542540693371892
BIHAR,2020-06-01,17796.0,17796,1.014808930346818
BIHAR,2020-07-01,17796.0,11634,0.6537698592816409
BIHAR,2020-08-01,17796.0,10986,0.6173803589287694
BIHAR,2020-09-01,17796.0,17796,1.1726206851751186
BIHAR,2020-10-01,17796.0,17796,1.1246596253655117
BIHAR,2020-11-01,17796.0,17796,1.0661796049705299
BIHAR,2020-12-01,17796.0,10847,0.6095337525429035
BIHAR,2021-01-01,17796.0,11507,0.6466473482573493
BIHAR,2021-02-01,17796.0,11545,0.648777498304012
BIHAR,2021-03-01,17796.0,12625,0.7094409267507096
BIHAR,2021-04-01,17796.0,17796,1.1275114942710427
BIHAR,2021-05-01,17796.0,17796,1.1774425485152653
BIHAR,2021-06-01,17796.0,17796,1.0944429850323898
BIHAR,2021-07-01,17796.0,10996,0.6179391368907452
BIHAR,2021-08-01,17796.0,12581,0.7069867180834493
BIHAR,2021-09-01,17796.0,17796,1.1521570097233795
BIHAR,2021-10-01,17796.0,17796,1.1122554395138993
BIHAR,2021-11-01,17796.0,17796,1.154193435990912
BIHAR,2021-12-01,17796.0,11995,0.6740693394546586
CHANDIGARH,2020-01-01,3756.0,2548,0.6784099244072991
CHANDIGARH,2020-02-01,3756.0,2494,0.6641311527537824
CHANDIGARH,2020-03-01,3756.0,2267,0.6038128690116142
CHANDIGARH,2020-04-01,3756.0,3756,1.0215782853986608
CHANDIGARH,2020-05-01,3756.0,3756,1.0062858371373469
CHANDIGARH,2020-06-01,3756.0,3756,1.127282082252756
CHANDIGARH,2020-07-01,3756.0,2430,0.6471533971614489
CHANDIGARH,2020-08-01,3756.0,2540,0.6762856036747054
CHANDIGARH,2020-09-01,3756.0,3756,1.1815132947852185
CHANDIGARH,2020-10-01,3756.0,3756,1.049858445829775
CHANDIGARH,2020-11-01,3756.0,3756,1.0820765846071259
CHANDIGARH,2020-12-01,3756.0,2679,0.7133326707814573
CHANDIGARH,2021-01-01,3756.0,2382,0.6343197248237433
CHANDIGARH,2021-02-01,3756.0,2296,0.6115469864743189
CHANDIGARH,2021-03-01,3756.0,2416,0.6434627179370652
CHANDIGARH,2021-04-01,3756.0,3756,1.0322442574508008
CHANDIGARH,2021-05-01,3756.0,3756,1.1859395304685145
CHANDIGARH,2021-06-01,3756.0,3756,1.1616240759128833
CHANDIGARH,2021-07-01,3756.0,2610,0.6950105634765635
CHANDIGARH,2021-08-01,3756.0,2744,0.7307190885281576
CHANDIGARH,2021-09-01,3756.0,3756,1.160734415379823
CHANDIGARH,2021-10-01,3756.0,3756,1.037314011777207
CHANDIGARH,2021-11-01,3756.0,3756,1.1785117996979955
CHANDIGARH,2021-12-01,3756.0,2557,0.6809013362873476
CHHATTISGARH,2020-01-01,14354.0,10350,0.7211160232746093
CHHATTISGARH,2020-02-01,14354.0,10541,0.734413694988524
CHHATTISGARH,2020-03-01,14354.0,9297,0.6477005212457796
CHHATTISGARH,2020-04-01,14354.0,14354,1.0220103849055353
CHHATTISGARH,2020-05-01,14354.0,14354,1.0455870325083882
CHHATTISGARH,2020-06-01,14354.0,14354,1.0854215577252513
CHHATTISGARH,2020-07-01,14354.0,10373,0.7227022148883739
CHHATTISGARH,2020-08-01,14354.0,10465,0.7291095874884514
CHHATTISGARH,2020-09-01,14354.0,14354,1.001390426106238
CHHATTISGARH,2020-10-01,14354.0,14354,1.102149460515513
CHHATTISGARH,2020-11-01,14354.0,14354,1.0834822006297558
CHHATTISGARH,2020-12-01,14354.0,9090,0.6333161715706095
CHHATTISGARH,2021-01-01,14354.0,8870,0.6179798051000523
CHHATTISGARH,2021-02-01,14354.0,9339,0.6506422757105442
CHHATTISGARH,2021-03-01,14354.0,10642,0.7414364555868779
CHHATTISGARH,2021-04-01,14354.0,14354,1.064640586404151
CHHATTISGARH,2021-05-01,14354.0,14354,1.1037581243486732
CHHATTISGARH,2021-06-01,14354.0,14354,1.1406037917790355
CHHATTISGARH,2021-07-01,14354.0,9395,0.6545444403568941
CHHATTISGARH,2021-08-01,14354.0,10704,0.7457673124081441
CHHATTISGARH,2021-09-01,14354.0,14354,1.1924894589884223
CHHATTISGARH,2021-10-01,14354.0,14354,1.050356459165073
CHHATTISGARH,2021-11-01,14354.0,14354,1.099449701178477
CHHATTISGARH,2021-12-01,14354.0,9260,0.6451317464725155
DELHI,2020-01-01,20572.0,13222,0.6427260741566201
DELHI,2020-02-01,20572.0,12457,0.6055330421031799
DELHI,2020-03-01,20572.0,14224,0.6914346500969846
DELHI,2020-04-01,20572.0,20572,1.1005358046457723
DELHI,2020-05-01,20572.0,20572,1.0102957502499978
DELHI,2020-06-01,20572.0,20572,1.0557292928473223
DELHI,2020-07-01,20572.0,15145,0.7362398828949981
DELHI,2020-08-01,20572.0,13082,0.6359342836000459
DELHI,2020-09-01,20572.0,20572,1.0289789744182447
DELHI,2020-10-01,20572.0,20572,1.0978905520555127
DELHI,2020-11-01,20572.0,20572,1.19713009082212
DELHI,2020-12-01,20572.0,13090,0.636308290726725
DELHI,2021-01-01,20572.0,14417,0.7008203321108818
DELHI,2021-02-01,20572.0,14693,0.7142429422993076
DELHI,2021-03-01,20572.0,13076,0.6356456315988599
DELHI,2021-04-01,20572.0,20572,1.145643269722372
DELHI,2021-05-01,20572.0,20572,1.0735566265438505
DELHI,2021-06-01,20572.0,20572,1.1264611661187158
DELHI,2021-07-01,20572.0,14298,0.6950294566141342
DELHI,2021-08-01,20572.0,13996,0.6803662026112137
DELHI,2021-09-01,20572.0,20572,1.0180579540108816
DELHI,2021-10-01,20572.0,20572,1.1670604991178475
DELHI,2021-11-01,20572.0,20572,1.0641560129943473
DELHI,2021-12-01,20572.0,12918,0.6279777765599781
GOA,2020-01-01,2666.0,1615,0.6061162712332145
GOA,2020-02-01,2666.0,1835,0.6886339414782363
GOA,2020-03-01,2666.0,1870,0.7016346542763423
GOA,2020-04-01,2666.0,2666,1.0033175657855713
GOA,2020-05-01,2666.0,2666,1.1024186116598562
GOA,2020-06-01,2666.0,2666,1.0452991550395876
GOA,2020-07-01,2666.0,1857,0.6967759185614175
GOA,2020-08-01,2666.0,1669,0.6261549643507487
GOA,2020-09-01,2666.0,2666,1.1381875476204932
GOA,2020-10-01,2666.0,2666,1.0773470692601075
GOA,2020-11-01,2666.0,2666,1.1873459977473468
GOA,2020-12-01,2666.0,1654,0.6206281416218989
GOA,2021-01-01,2666.0,1735,0.6511599526575388
GOA,2021-02-01,2666.0,1644,0.6170210281860884
GOA,2021-03-01,2666.0,1969,0.7387040427417844
GOA,2021-04-01,2666.0,2666,1.175467870676196
GOA,2021-05-01,2666.0,2666,1.0515883255430312
GOA,2021-06-01,2666.0,2666,1.1319968092068358
GOA,2021-07-01,2666.0,1926,0.7225833300301824
GOA,2021-08-01,2666.0,1821,0.6832801217399194
GOA,2021-09-01,2666.0,2666,1.1059301156712014
GOA,2021-10-01,2666.0,2666,1.0483704581800903
GOA,2021-11-01,2666.0,2666,1.0186205535611799
GOA,2021-12-01,2666.0,1958,0.734582363692999
GUJARAT,2020-01-01,41129.0,30232,0.7350627085744996
GUJARAT,2020-02-01,41129.0,28583,0.6949652185909901
GUJARAT,2020-03-01,41129.0,26768,0.6508544686573051
GUJARAT,2020-04-01,41129.0,41129,1.0698419149225322
GUJARAT,2020-05-01,41129.0,41129,1.1451911357740479
GUJARAT,2020-06-01,41129.0,41129,1.1794220519905154
GUJARAT,2020-07-01,41129.0,30150,0.7330629636397676
GUJARAT,2020-08-01,41129.0,29488,0.7169813318786435
GUJARAT,2020-09-01,41129.0,41129,1.1284063292308575
GUJARAT,2020-10-01,41129.0,41129,1.0168279929990098
GUJARAT,2020-11-01,41129.0,41129,1.0323257428189228
GUJARAT,2020-12-01,41129.0,30220,0.7347831282790619
GUJARAT,2021-01-01,41129.0,28418,0.6909643589489385
GUJARAT,2021-02-01,41129.0,24734,0.6013795577424944
GUJARAT,2021-03-01,41129.0,25303,0.6152207314299047
GUJARAT,2021-04-01,41129.0,41129,1.1327003538216112
GUJARAT,2021-05-01,41129.0,41129,1.0010123167692437
GUJARAT,2021-06-01,41129.0,41129,1.0321616102834996
GUJARAT,2021-07-01,41129.0,28062,0.6823100684049879
GUJARAT,2021-08-01,41129.0,28945,0.703784279653904
GUJARAT,2021-09-01,41129.0,41129,1.13039225190052
GUJARAT,2021-10-01,41129.0,41129,1.044853861892112
GUJARAT,2021-11-01,41129.0,41129,1.142435844269507
GUJARAT,2021-12-01,41129.0,26141,0.63558736312452
HARYANA,2020-01-01,13841.0,8980,0.6488099547238901
HARYANA,2020-02-01,13841.0,9854,0.7119737107677037
HARYANA,2020-03-01,13841.0,9653,0.6974449348570821
HARYANA,2020-04-01,13841.0,13841,1.1698446820988355
HARYANA,2020-05-01,13841.0,13841,1.1315225784600687
HARYANA,2020-06-01,13841.0,13841,1.1136617206670942
HARYANA,2020-07-01,13841.0,8499,0.6140512151742139
HARYANA,2020-08-01,13841.0,9068,0.655157370458915
HARYANA,2020-09-01,13841.0,13841,1.053040473536345
HARYANA,2020-10-01,13841.0,13841,1.0487979286758167
HARYANA,2020-11-01,13841.0,13841,1.194602110950489
HARYANA,2020-12-01,13841.0,9120,0.6589646587000141
HARYANA,2021-01-01,13841.0,10156,0.733806983276567
HARYANA,2021-02-01,13841.0,9614,0.6946707938995894
HARYANA,2021-03-01,13841.0,9954,0.7192216955312473
HARYANA,2021-04-01,13841.0,13841,1.1005274186210383
HARYANA,2021-05-01,13841.0,13841,1.1153807769252717
HARYANA,2021-06-01,13841.0,13841,1.0985035387637727
HARYANA,2021-07-01,13841.0,8709,0.6292864481697067
HARYANA,2021-08-01,13841.0,9804,0.7083678172892258
HARYANA,2021-09-01,13841.0,13841,1.056154472488171
HARYANA,2021-10-01,13841.0,13841,1.0048631932862908
HARYANA,2021-11-01,13841.0,13841,1.1290944591814336
HARYANA,2021-12-01,13841.0,8672,0.6265666019110573
HIMACHAL PRADESH,2020-01-01,8706.0,6451,0.7410687876529372
HIMACHAL PRADESH,2020-02-01,8706.0,6469,0.7430892865503881
HIMACHAL PRADESH,2020-03-01,8706.0,6418,0.7372296585330673
HIMACHAL PRADESH,2020-04-01,8706.0,8706,1.0740317400510888
HIMACHAL PRADESH,2020-05-01,8706.0,8706,1.0030913233057734
HIMACHAL PRADESH,2020-06-01,8706.0,8706,1.185663712517545
HIMACHAL PRADESH,2020-07-01,8706.0,5782,0.6642276222475971
HIMACHAL PRADESH,2020-08-01,8706.0,6485,0.7449982228565504
HIMACHAL PRADESH,2020-09-01,8706.0,8706,1.1927239954178506
HIMACHAL PRADESH,2020-10-01,8706.0,8706,1.170601891093472
HIMACHAL PRADESH,2020-11-01,8706.0,8706,1.058889778413917
HIMACHAL PRADESH,2020-12-01,8706.0,5726,0.6577646592902888
HIMACHAL PRADESH,2021-01-01,8706.0,6335,0.7276705007275286
HIMACHAL PRADESH,2021-02-01,8706.0,5637,0.6475383007734417
HIMACHAL PRADESH,2021-03-01,8706.0,5444,0.6254239120029138
HIMACHAL PRADESH,2021-04-01,8706.0,8706,1.11136025249167
HIMACHAL PRADESH,2021-05-01,8706.0,8706,1.1872309548321562
HIMACHAL PRADESH,2021-06-01,8706.0,8706,1.1392059593349946
HIMACHAL PRADESH,2021-07-01,8706.0,5968,0.6855091755134047
HIMACHAL PRADESH,2021-08-01,8706.0,5350,0.6145764740656152
HIMACHAL PRADESH,2021-09-01,8706.0,8706,1.1230014453398338
HIMACHAL PRADESH,2021-10-01,8706.0,8706,1.1980107700208527
HIMACHAL PRADESH,2021-11-01,8706.0,8706,1.0280168030473047
HIMACHAL PRADESH,2021-12-01,8706.0,5900,0.6777494478545605
JHARKHAND,2020-01-01,7404.0,5416,0.7316059607891934
JHARKHAND,2020-02-01,7404.0,5265,0.7111152926631307
JHARKHAND,2020-03-01,7404.0,5216,0.7045523611492902
JHARKHAND,2020-04-01,7404.0,7404,1.1404968167974219
JHARKHAND,2020-05-01,7404.0,7404,1.071898230243951
JHARKHAND,2020-06-01,7404.0,7404,1.0587183688528987
JHARKHAND,2020-07-01,7404.0,5341,0.7214041733217771
JHARKHAND,2020-08-01,7404.0,5342,0.7215170092018771
JHARKHAND,2020-09-01,7404.0,7404,1.1734144637160207
JHARKHAND,2020-10-01,7404.0,7404,1.1826481105112943
JHARKHAND,2020-11-01,7404.0,7404,1.1022684797721876
JHARKHAND,2020-12-01,7404.0,4999,0.6752274442030799
JHARKHAND,2021-01-01,7404.0,5328,0.7197442768450163
JHARKHAND,2021-02-01,7404.0,5164,0.6974945896166648
JHARKHAND,2021-03-01,7404.0,5222,0.7052950315886555
JHARKHAND,2021-04-01,7404.0,7404,1.1591585338872201
JHARKHAND,2021-05-01,7404.0,7404,1.1780010683635131
JHARKHAND,2021-06-01,7404.0,7404,1.0675990313703072
JHARKHAND,2021-07-01,7404.0,4859,0.6563374428959916
JHARKHAND,2021-08-01,7404.0,4546,0.6140972909761303
JHARKHAND,2021-09-01,7404.0,7404,1.1156560281992347
JHARKHAND,2021-10-01,7404.0,7404,1.0071884547593484
JHARKHAND,2021-11-01,7404.0,7404,1.093119603626492
JHARKHAND,2021-12-01,7404.0,5045,0.6813966952061364
KARNATAKA,2020-01-01,56333.0,36221,0.6429811878192426
KARNATAKA,2020-02-01,56333.0,38792,0.6886249890853516
KARNATAKA,2020-03-01,56333.0,34057,0.6045750374908574
KARNATAKA,2020-04-01,56333.0,56333,1.0074696377498429
KARNATAKA,2020-05-01,56333.0,56333,1.1645201121319315
KARNATAKA,2020-06-01,56333.0,56333,1.0720381282822526
KARNATAKA,2020-07-01,56333.0,34873,0.6190590768977827
KARNATAKA,2020-08-01,56333.0,38212,0.6783364890082206
KARNATAKA,2020-09-01,56333.0,56333,1.1539987106197223
KARNATAKA,2020-10-01,56333.0,56333,1.0431642054993686
KARNATAKA,2020-11-01,56333.0,56333,1.1245780951638
KARNATAKA,2020-12-01,56333.0,34520,0.6128021197490652
KARNATAKA,2021-01-01,56333.0,34236,0.6077522581752911
KARNATAKA,2021-02-01,56333.0,38289,0.6797031947352222
KARNATAKA,2021-03-01,56333.0,38368,0.681095268241516
KARNATAKA,2021-04-01,56333.0,56333,1.1274859802996413
KARNATAKA,2021-05-01,56333.0,56333,1.1452182667445323
KARNATAKA,2021-06-01,56333.0,56333,1.195170415892507
KARNATAKA,2021-07-01,56333.0,38162,0.6774450522451793
KARNATAKA,2021-08-01,56333.0,36528,0.6484434709411869
KARNATAKA,2021-09-01,56333.0,56333,1.1590372389537407
KARNATAKA,2021-10-01,56333.0,56333,1.0541664502524148
KARNATAKA,2021-11-01,56333.0,56333,1.0877942841411272
KARNATAKA,2021-12-01,56333.0,34462,0.6117684572013399
KERALA,2020-01-01,39511.0,23856,0.6038026115123186
KERALA,2020-02-01,39511.0,29411,0.7443972622016888
KERALA,2020-03-01,39511.0,28661,0.7253970180768309
KERALA,2020-04-01,39511.0,39511,1.1391948412187396
KERALA,2020-05-01,39511.0,39511,1.0817905888828538
KERALA,2020-06-01,39511.0,39511,1.0346588640141692
KERALA,2020-07-01,39511.0,24633,0.6234655564006629
KERALA,2020-08-01,39511.0,25189,0.6375364347246892
KERALA,2020-09-01,39511.0,39511,1.1098453329412241
KERALA,2020-10-01,39511.0,39511,1.1429191845400124
KERALA,2020-11-01,39511.0,39511,1.1320394753435463
KERALA,2020-12-01,39511.0,25365,0.6419900845418914
KERALA,2021-01-01,39511.0,29365,0.7432297920994791
KERALA,2021-02-01,39511.0,28079,0.7106845375043653
KERALA,2021-03-01,39511.0,26992,0.6831531078767101
KERALA,2021-04-01,39511.0,39511,1.1223441492468704
KERALA,2021-05-01,39511.0,39511,1.083920012485558
KERALA,2021-06-01,39511.0,39511,1.0495461979002314
KERALA,2021-07-01,39511.0,25816,0.6533959017976892
KERALA,2021-08-01,39511.0,28198,0.7136769165696554
KERALA,2021-09-01,39511.0,39511,1.0028786977259512
KERALA,2021-10-01,39511.0,39511,1.0232145281013831
KERALA,2021-11-01,39511.0,39511,1.0092005284043506
KERALA,2021-12-01,39511.0,23947,0.6061093203478455
MADHYA PRADESH,2020-01-01,38140.0,27778,0.7283190876016511
MADHYA PRADESH,2020-02-01,38140.0,26909,0.7055486789070036
MADHYA PRADESH,2020-03-01,38140.0,25596,0.6711260743630988
MADHYA PRADESH,2020-04-01,38140.0,38140,1.0195668321302003
MADHYA PRADESH,2020-05-01,38140.0,38140,1.0983231750233664
MADHYA PRADESH,2020-06-01,38140.0,38140,1.0946943541561132
MADHYA PRADESH,2020-07-01,38140.0,23874,0.6259802804865022
MADHYA PRADESH,2020-08-01,38140.0,25366,0.6650777473856959
MADHYA PRADESH,2020-09-01,38140.0,38140,1.0797009468794747
MADHYA PRADESH,2020-10-01,38140.0,38140,1.1231700196104433
MADHYA PRADESH,2020-11-01,38140.0,38140,1.1270187301735288
MADHYA PRADESH,2020-12-01,38140.0,23143,0.6067956014658067
MADHYA PRADESH,2021-01-01,38140.0,25027,0.6561918921939707
MADHYA PRADESH,2021-02-01,38140.0,26464,0.6938789873571355
MADHYA PRADESH,2021-03-01,38140.0,25762,0.6754704387870132
MADHYA PRADESH,2021-04-01,38140.0,38140,1.1712979682376643
MADHYA PRADESH,2021-05-01,38140.0,38140,1.131738726323789
MADHYA PRADESH,2021-06-01,38140.0,38140,1.0325868854162858
MADHYA PRADESH,2021-07-01,38140.0,23287,0.6105853121100645
MADHYA PRADESH,2021-08-01,38140.0,26559,0.6963628917309473
MADHYA PRADESH,2021-09-01,38140.0,38140,1.0053022621083243
MADHYA PRADESH,2021-10-01,38140.0,38140,1.1171551162546927
MADHYA PRADESH,2021-11-01,38140.0,38140,1.1880460482849915
MADHYA PRADESH,2021-12-01,38140.0,26176,0.6863211266813818
MAHARASHTRA,2020-01-01,68998.0,45416,0.6582254889309783
MAHARASHTRA,2020-02-01,68998.0,48056,0.696493232766353
MAHARASHTRA,2020-03-01,68998.0,46141,0.6687379335737275
MAHARASHTRA,2020-04-01,68998.0,68998,1.109123357863187
MAHARASHTRA,2020-05-01,68998.0,68998,1.188292961755305
MAHARASHTRA,2020-06-01,68998.0,68998,1.0772205275601547
MAHARASHTRA,2020-07-01,68998.0,51346,0.7441785845735871
MAHARASHTRA,2020-08-01,68998.0,50768,0.7358025962934096
MAHARASHTRA,2020-09-01,68998.0,68998,1.0391582269578592
MAHARASHTRA,2020-10-01,68998.0,68998,1.0138722601750332
MAHARASHTRA,2020-11-01,68998.0,68998,1.0201556002754852
MAHARASHTRA,2020-12-01,68998.0,41587,0.6027332738477325
MAHARASHTRA,2021-01-01,68998.0,42376,0.6141664441133893
MAHARASHTRA,2021-02-01,68998.0,48467,0.7024510160124535
MAHARASHTRA,2021-03-01,68998.0,42135,0.6106782972690343
MAHARASHTRA,2021-04-01,68998.0,68998,1.0637951260587521
MAHARASHTRA,2021-05-01,68998.0,68998,1.1689750621938908
MAHARASHTRA,2021-06-01,68998.0,68998,1.0046543871471652
MAHARASHTRA,2021-07-01,68998.0,49828,0.7221702723883403
MAHARASHTRA,2021-08-01,68998.0,44315,0.64227821621601
MAHARASHTRA,2021-09-01,68998.0,68998,1.0236329655243313
MAHARASHTRA,2021-10-01,68998.0,68998,1.1393474330728302
MAHARASHTRA,2021-11-01,68998.0,68998,1.1257885693559768
MAHARASHTRA,2021-12-01,68998.0,50480,0.731620802029058
MANIPUR,2020-01-01,2562.0,1819,0.7102606565705829
MANIPUR,2020-02-01,2562.0,1845,0.7205221395577273
MANIPUR,2020-03-01,2562.0,1645,0.642305185885696
MANIPUR,2020-04-01,2562.0,2562,1.0354879087559445
MANIPUR,2020-05-01,2562.0,2562,1.1501229503281716
MANIPUR,2020-06-01,2562.0,2562,1.1613669478534527
MANIPUR,2020-07-01,2562.0,1917,0.748575771300101
MANIPUR,2020-08-01,2562.0,1695,0.661892651536714
MANIPUR,2020-09-01,2562.0,2562,1.0744036171585567
MANIPUR,2020-10-01,2562.0,2562,1.1552825921483993
MANIPUR,2020-11-01,2562.0,2562,1.0681607080506035
MANIPUR,2020-12-01,2562.0,1894,0.7396135988405347
MANIPUR,2021-01-01,2562.0,1867,0.7287619127764517
MANIPUR,2021-02-01,2562.0,1702,0.6643491041062527
MANIPUR,2021-03-01,2562.0,1825,0.7126306601687246
MANIPUR,2021-04-01,2562.0,2562,1.1509085748169365
MANIPUR,2021-05-01,2562.0,2562,1.0206247737671865
MANIPUR,2021-06-01,2562.0,2562,1.1805105813359134
MANIPUR,2021-07-01,2562.0,1731,0.6757878558671786
MANIPUR,2021-08-01,2562.0,1854,0.7239686199161612
MANIPUR,2021-09-01,2562.0,2562,1.0640099202061224
MANIPUR,2021-10-01,2562.0,2562,1.17910464569924
MANIPUR,2021-11-01,2562.0,2562,1.0778403357468327
MANIPUR,2021-12-01,2562.0,1541,0.6016256477220447
MEGHALAYA,2020-01-01,4585.0,3373,0.7358072964628896
MEGHALAYA,2020-02-01,4585.0,2813,0.6136930015179201
MEGHALAYA,2020-03-01,4585.0,2970,0.6478970456385622
MEGHALAYA,2020-04-01,4585.0,4585,1.190012393410161
MEGHALAYA,2020-05-01,4585.0,4585,1.190121429387511
MEGHALAYA,2020-06-01,4585.0,4585,1.1146875776246572
MEGHALAYA,2020-07-01,4585.0,3185,0.6947755818254698
MEGHALAYA,2020-08-01,4585.0,3059,0.667266828296748
MEGHALAYA,2020-09-01,4585.0,4585,1.058642154339613
MEGHALAYA,2020-10-01,4585.0,4585,1.065732909073983
MEGHALAYA,2020-11-01,4585.0,4585,1.1345036912154076
MEGHALAYA,2020-12-01,4585.0,3268,0.712856179415652
MEGHALAYA,2021-01-01,4585.0,3295,0.7187368565588773
MEGHALAYA,2021-02-01,4585.0,3294,0.7184427214191831
MEGHALAYA,2021-03-01,4585.0,2813,0.6136809154573035
MEGHALAYA,2021-04-01,4585.0,4585,1.0988840609405162
MEGHALAYA,2021-05-01,4585.0,4585,1.0115117520033288
MEGHALAYA,2021-06-01,4585.0,4585,1.109905776464747
MEGHALAYA,2021-07-01,4585.0,3054,0.6662295752060066
MEGHALAYA,2021-08-01,4585.0,3361,0.733155627413745
MEGHALAYA,2021-09-01,4585.0,4585,1.0701830025104158
MEGHALAYA,2021-10-01,4585.0,4585,1.023413403285521
MEGHALAYA,2021-11-01,4585.0,4585,1.028598336410567
MEGHALAYA,2021-12-01,4585.0,3274,0.7142265947576208
MIZORAM,2020-01-01,2312.0,1601,0.6927327094974391
MIZORAM,2020-02-01,2312.0,1422,0.6151684014184186
MIZORAM,2020-03-01,2312.0,1416,0.6126160209172496
MIZORAM,2020-04-01,2312.0,2312,1.1401938262918239
MIZORAM,2020-05-01,2312.0,2312,1.0145526012728387
MIZORAM,2020-06-01,2312.0,2312,1.1643720118580712
MIZORAM,2020-07-01,2312.0,1632,0.7059363340734744
MIZORAM,2020-08-01,2312.0,1415,0.6122023170962849
MIZORAM,2020-09-01,2312.0,2312,1.0169675428170384
MIZORAM,2020-10-01,2312.0,2312,1.197327915700235
MIZORAM,2020-11-01,2312.0,2312,1.074854159151224
MIZORAM,2020-12-01,2312.0,1515,0.6555963220600336
MIZORAM,2021-01-01,2312.0,1669,0.7219199350886254
MIZORAM,2021-02-01,2312.0,1715,0.7420872866075788
MIZORAM,2021-03-01,2312.0,1729,0.7479001595734307
MIZORAM,2021-04-01,2312.0,2312,1.1506756370517883
MIZORAM,2021-05-01,2312.0,2312,1.0752519171061832
MIZORAM,2021-06-01,2312.0,2312,1.0167001433397338
MIZORAM,2021-07-01,2312.0,1656,0.7165720373891156
MIZORAM,2021-08-01,2312.0,1580,0.6837606374603707
MIZORAM,2021-09-01,2312.0,2312,1.0848444018493952
MIZORAM,2021-10-01,2312.0,2312,1.181270877018947
MIZORAM,2021-11-01,2312.0,2312,1.0222394964612302
MIZORAM,2021-12-01,2312.0,1558,0.6738937656436289
NAGALAND,2020-01-01,1944.0,1169,0.6017030467151129
NAGALAND,2020-02-01,1944.0,1303,0.6702990962991189
NAGALAND,2020-03-01,1944.0,1182,0.6084454913522755
NAGALAND,2020-04-01,1944.0,1944,1.0237635832536143
NAGALAND,2020-05-01,1944.0,1944,1.0235052493554209
NAGALAND,2020-06-01,1944.0,1944,1.1298420604232127
NAGALAND,2020-07-01,1944.0,1383,0.7119067318898135
NAGALAND,2020-08-01,1944.0,1336,0.687505314764574
NAGALAND,2020-09-01,1944.0,1944,1.1924345096949083
NAGALAND,2020-10-01,1944.0,1944,1.0749741159047408
NAGALAND,2020-11-01,1944.0,1944,1.0571424172563721
NAGALAND,2020-12-01,1944.0,1419,0.730289869228419
NAGALAND,2021-01-01,1944.0,1231,0.6335393757779179
NAGALAND,2021-02-01,1944.0,1447,0.7444833809160917
NAGALAND,2021-03-01,1944.0,1169,0.6018231712034724
NAGALAND,2021-04-01,1944.0,1944,1.1939757653415277
NAGALAND,2021-05-01,1944.0,1944,1.0086319823901153
NAGALAND,2021-06-01,1944.0,1944,1.1782286227396142
NAGALAND,2021-07-01,1944.0,1320,0.6791551663629449
NAGALAND,2021-08-01,1944.0,1455,0.7489447194178951
NAGALAND,2021-09-01,1944.0,1944,1.0147593129470798
NAGALAND,2021-10-01,1944.0,1944,1.1107708568802641
NAGALAND,2021-11-01,1944.0,1944,1.1938605071238197
NAGALAND,2021-12-01,1944.0,1318,0.6784646766255223
PUNJAB,2020-01-01,13527.0,9393,0.6944097957202894
PUNJAB,2020-02-01,13527.0,9527,0.7043623033476926
PUNJAB,2020-03-01,13527.0,9038,0.668181159715166
PUNJAB,2020-04-01,13527.0,13527,1.1255116160168126
PUNJAB,2020-05-01,13527.0,13527,1.11686286238462
PUNJAB,2020-06-01,13527.0,13527,1.1802316020981978
PUNJAB,2020-07-01,13527.0,8208,0.6068169570512186
PUNJAB,2020-08-01,13527.0,8686,0.6421444784388345
PUNJAB,2020-09-01,13527.0,13527,1.1900822968153117
PUNJAB,2020-10-01,13527.0,13527,1.1780527567781833
PUNJAB,2020-11-01,13527.0,13527,1.0911313505571425
PUNJAB,2020-12-01,13527.0,9374,0.6930198896702305
PUNJAB,2021-01-01,13527.0,8679,0.6416071774471699
PUNJAB,2021-02-01,13527.0,8497,0.6282181739585642
PUNJAB,2021-03-01,13527.0,9057,0.6695547607409973
PUNJAB,2021-04-01,13527.0,13527,1.0706704456052105
PUNJAB,2021-05-01,13527.0,13527,1.1167312223701744
PUNJAB,2021-06-01,13527.0,13527,1.015546927392997
PUNJAB,2021-07-01,13527.0,10093,0.746159221149925
PUNJAB,2021-08-01,13527.0,10117,0.7479316116719404
PUNJAB,2021-09-01,13527.0,13527,1.139632342803949
PUNJAB,2021-10-01,13527.0,13527,1.107219273268824
PUNJAB,2021-11-01,13527.0,13527,1.0619055232572656
PUNJAB,2021-12-01,13527.0,9767,0.7220692529560423
RAJASTHAN,2020-01-01,51844.0,36431,0.7027096758830819
RAJASTHAN,2020-02-01,51844.0,32371,0.6243925409017337
RAJASTHAN,2020-03-01,51844.0,38190,0.7366390776740763
RAJASTHAN,2020-04-01,51844.0,51844,1.1645074485846338
RAJASTHAN,2020-05-01,51844.0,51844,1.1899599826583849
RAJASTHAN,2020-06-01,51844.0,51844,1.1451439016776719
RAJASTHAN,2020-07-01,51844.0,35876,0.6920122793903685
RAJASTHAN,2020-08-01,51844.0,34358,0.6627364554435928
RAJASTHAN,2020-09-01,51844.0,51844,1.1865456966708026
RAJASTHAN,2020-10-01,51844.0,51844,1.1732127779000816
RAJASTHAN,2020-11-01,51844.0,51844,1.009043734021238
RAJASTHAN,2020-12-01,51844.0,31311,0.6039550461745877
RAJASTHAN,2021-01-01,51844.0,34034,0.6564695050317074
RAJASTHAN,2021-02-01,51844.0,37409,0.7215829996172749
RAJASTHAN,2021-03-01,51844.0,38784,0.7480914193972417
RAJASTHAN,2021-04-01,51844.0,51844,1.0300833782207057
RAJASTHAN,2021-05-01,51844.0,51844,1.118826143070427
RAJASTHAN,2021-06-01,51844.0,51844,1.0761781713262042
RAJASTHAN,2021-07-01,51844.0,38649,0.7454871596721905
RAJASTHAN,2021-08-01,51844.0,37655,0.7263178384703564
RAJASTHAN,2021-09-01,51844.0,51844,1.1676657409422275
RAJASTHAN,2021-10-01,51844.0,51844,1.0937386319589941
RAJASTHAN,2021-11-01,51844.0,51844,1.082963900467533
RAJASTHAN,2021-12-01,51844.0,33232,0.6410110607896059
SIKKIM,2020-01-01,1145.0,696,0.6084563244976391
SIKKIM,2020-02-01,1145.0,835,0.729708356438258
SIKKIM,2020-03-01,1145.0,826,0.7219351513695116
SIKKIM,2020-04-01,1145.0,1145,1.199943534657226
SIKKIM,2020-05-01,1145.0,1145,1.199327367414781
SIKKIM,2020-06-01,1145.0,1145,1.1110863411205254
SIKKIM,2020-07-01,1145.0,819,0.7153481122770766
SIKKIM,2020-08-01,1145.0,849,0.7417148594823642
SIKKIM,2020-09-01,1145.0,1145,1.1699294781354823
SIKKIM,2020-10-01,1145.0,1145,1.0494696203486396
SIKKIM,2020-11-01,1145.0,1145,1.0901088270620187
SIKKIM,2020-12-01,1145.0,709,0.6193739122727242
SIKKIM,2021-01-01,1145.0,850,0.7431076540888084
SIKKIM,2021-02-01,1145.0,791,0.690926195167632
SIKKIM,2021-03-01,1145.0,726,0.6342964208255194
SIKKIM,2021-04-01,1145.0,1145,1.1343401368811714
SIKKIM,2021-05-01,1145.0,1145,1.1236256480915792
SIKKIM,2021-06-01,1145.0,1145,1.0716325436065681
SIKKIM,2021-07-01,1145.0,706,0.6170336388299443
SIKKIM,2021-08-01,1145.0,802,0.70073597933892
SIKKIM,2021-09-01,1145.0,1145,1.1040615401807585
SIKKIM,2021-10-01,1145.0,1145,1.1544636783471278
SIKKIM,2021-11-01,1145.0,1145,1.1040327002223986
SIKKIM,2021-12-01,1145.0,833,0.7278272250477811
TAMIL NADU,2020-01-01,72616.0,49581,0.6827860258161729
TAMIL NADU,2020-02-01,72616.0,49679,0.6841406957303079
TAMIL NADU,2020-03-01,72616.0,53118,0.7314980403987518
TAMIL NADU,2020-04-01,72616.0,72616,1.0806965732424794
TAMIL NADU,2020-05-01,72616.0,72616,1.026803045690128
TAMIL NADU,2020-06-01,72616.0,72616,1.0057565352626678
TAMIL NADU,2020-07-01,72616.0,51794,0.7132705883510428
TAMIL NADU,2020-08-01,72616.0,50326,0.6930464327030197
TAMIL NADU,2020-09-01,72616.0,72616,1.1408159536198448
TAMIL NADU,2020-10-01,72616.0,72616,1.0425928323017821
TAMIL NADU,2020-11-01,72616.0,72616,1.027274295117354
TAMIL NADU,2020-12-01,72616.0,43728,0.6021816998501822
TAMIL NADU,2021-01-01,72616.0,47388,0.6525881338209896
TAMIL NADU,2021-02-01,72616.0,49995,0.6884876530281949
TAMIL NADU,2021-03-01,72616.0,47842,0.6588366067649598
TAMIL NADU,2021-04-01,72616.0,72616,1.0874949844047457
TAMIL NADU,2021-05-01,72616.0,72616,1.1808317388987497
TAMIL NADU,2021-06-01,72616.0,72616,1.0696510934046601
TAMIL NADU,2021-07-01,72616.0,49168,0.6770984233739716
TAMIL NADU,2021-08-01,72616.0,52105,0.7175479519111715
TAMIL NADU,2021-09-01,72616.0,72616,1.079308556464254
TAMIL NADU,2021-10-01,72616.0,72616,1.1244173400455746
TAMIL NADU,2021-11-01,72616.0,72616,1.172472741749349
TAMIL NADU,2021-12-01,72616.0,53912,0.7424280935486463
TELANGANA,2020-01-01,17358.0,10797,0.6220610221393557
TELANGANA,2020-02-01,17358.0,12827,0.7389881437742242
TELANGANA,2020-03-01,17358.0,11696,0.6738174439619307
TELANGANA,2020-04-01,17358.0,17358,1.0516488776597916
TELANGANA,2020-05-01,17358.0,17358,1.0918271512476523
TELANGANA,2020-06-01,17358.0,17358,1.1960065150570953
TELANGANA,2020-07-01,17358.0,11697,0.6738927140989304
TELANGANA,2020-08-01,17358.0,11270,0.6493127415431262
TELANGANA,2020-09-01,17358.0,17358,1.1266801708633452
TELANGANA,2020-10-01,17358.0,17358,1.0480291237556385
TELANGANA,2020-11-01,17358.0,17358,1.0151726656217328
TELANGANA,2020-12-01,17358.0,10750,0.6193319582865974
TELANGANA,2021-01-01,17358.0,10748,0.6192068758436658
TELANGANA,2021-02-01,17358.0,10810,0.6227854040268441
TELANGANA,2021-03-01,17358.0,10776,0.6208240758974115
TELANGANA,2021-04-01,17358.0,17358,1.128174948960643
TELANGANA,2021-05-01,17358.0,17358,1.036376016879829
TELANGANA,2021-06-01,17358.0,17358,1.0691334566647726
TELANGANA,2021-07-01,17358.0,12749,0.7345182614859018
TELANGANA,2021-08-01,17358.0,11648,0.6710942460394308
TELANGANA,2021-09-01,17358.0,17358,1.1335115477042055
TELANGANA,2021-10-01,17358.0,17358,1.0344639742403259
TELANGANA,2021-11-01,17358.0,17358,1.0384578037617342
TELANGANA,2021-12-01,17358.0,10521,0.6061302924399719
TRIPURA,2020-01-01,4895.0,3061,0.6253402594608246
TRIPURA,2020-02-01,4895.0,3141,0.6417885508547938
TRIPURA,2020-03-01,4895.0,3066,0.626551572641512
TRIPURA,2020-04-01,4895.0,4895,1.0177405067514111
TRIPURA,2020-05-01,4895.0,4895,1.0241271742201201
TRIPURA,2020-06-01,4895.0,4895,1.0921557536065452
TRIPURA,2020-07-01,4895.0,3088,0.6309500577608689
TRIPURA,2020-08-01,4895.0,3204,0.6546404791572114
TRIPURA,2020-09-01,4895.0,4895,1.1006834541709714
TRIPURA,2020-10-01,4895.0,4895,1.138078965725873
TRIPURA,2020-11-01,4895.0,4895,1.0078624279682198
TRIPURA,2020-12-01,4895.0,3523,0.7199115598363564
TRIPURA,2021-01-01,4895.0,3398,0.6941850584236362
TRIPURA,2021-02-01,4895.0,2997,0.6122638547923308
TRIPURA,2021-03-01,4895.0,3578,0.7310367936160166
TRIPURA,2021-04-01,4895.0,4895,1.1841744801063625
TRIPURA,2021-05-01,4895.0,4895,1.0122155919709728
TRIPURA,2021-06-01,4895.0,4895,1.0553755296294407
TRIPURA,2021-07-01,4895.0,3528,0.7209301919689592
TRIPURA,2021-08-01,4895.0,3486,0.7122389535575487
TRIPURA,2021-09-01,4895.0,4895,1.0369042038712755
TRIPURA,2021-10-01,4895.0,4895,1.041869864667342
TRIPURA,2021-11-01,4895.0,4895,1.0740944205582763
TRIPURA,2021-12-01,4895.0,3292,0.6726784477786532
UTTAR PRADESH,2020-01-01,58310.0,40393,0.6927382157295444
UTTAR PRADESH,2020-02-01,58310.0,38212,0.6553370459354658
UTTAR PRADESH,2020-03-01,58310.0,39031,0.6693802074199722
UTTAR PRADESH,2020-04-01,58310.0,58310,1.1494941876267513
UTTAR PRADESH,2020-05-01,58310.0,58310,1.0073366405781197
UTTAR PRADESH,2020-06-01,58310.0,58310,1.0504873888688042
UTTAR PRADESH,2020-07-01,58310.0,41225,0.7070024378826829
UTTAR PRADESH,2020-08-01,58310.0,42815,0.7342810256530798
UTTAR PRADESH,2020-09-01,58310.0,58310,1.1023354884231331
UTTAR PRADESH,2020-10-01,58310.0,58310,1.106422697053063
UTTAR PRADESH,2020-11-01,58310.0,58310,1.0214344022679551
UTTAR PRADESH,2020-12-01,58310.0,38899,0.6671118550235182
UTTAR PRADESH,2021-01-01,58310.0,39644,0.6798925899682535
UTTAR PRADESH,2021-02-01,58310.0,37106,0.6363705755452095
UTTAR PRADESH,2021-03-01,58310.0,37340,0.6403864846424071
UTTAR PRADESH,2021-04-01,58310.0,58310,1.0754568326209246
UTTAR PRADESH,2021-05-01,58310.0,58310,1.0040142395555454
UTTAR PRADESH,2021-06-01,58310.0,58310,1.0644158331166356
UTTAR PRADESH,2021-07-01,58310.0,36835,0.6317172010494817
UTTAR PRADESH,2021-08-01,58310.0,37850,0.6491246028266872
UTTAR PRADESH,2021-09-01,58310.0,58310,1.0239524263638502
UTTAR PRADESH,2021-10-01,58310.0,58310,1.178105456147979
UTTAR PRADESH,2021-11-01,58310.0,58310,1.1187184907108096
UTTAR PRADESH,2021-12-01,58310.0,40925,0.7018653478716734
UTTARAKHAND,2020-01-01,6660.0,4784,0.7183756857911008
UTTARAKHAND,2020-02-01,6660.0,4493,0.6747663298393586
UTTARAKHAND,2020-03-01,6660.0,4082,0.6130380432131135
UTTARAKHAND,2020-04-01,6660.0,6660,1.1074213083637094
UTTARAKHAND,2020-05-01,6660.0,6660,1.1173682236041758
UTTARAKHAND,2020-06-01,6660.0,6660,1.149087894836866
UTTARAKHAND,2020-07-01,6660.0,4427,0.664748931934452
UTTARAKHAND,2020-08-01,6660.0,4123,0.6191370454193346
UTTARAKHAND,2020-09-01,6660.0,6660,1.0567551811597449
UTTARAKHAND,2020-10-01,6660.0,6660,1.072616459279727
UTTARAKHAND,2020-11-01,6660.0,6660,1.1291834482663203
UTTARAKHAND,2020-12-01,6660.0,4566,0.6856167457003368
UTTARAKHAND,2021-01-01,6660.0,4351,0.6534145088846769
UTTARAKHAND,2021-02-01,6660.0,4981,0.747977287318947
UTTARAKHAND,2021-03-01,6660.0,4601,0.6908662229035331
UTTARAKHAND,2021-04-01,6660.0,6660,1.047445358347199
UTTARAKHAND,2021-05-01,6660.0,6660,1.0203564945240808
UTTARAKHAND,2021-06-01,6660.0,6660,1.0305718278368663
UTTARAKHAND,2021-07-01,6660.0,4241,0.6368936592576762
UTTARAKHAND,2021-08-01,6660.0,4156,0.6241022059889333
UTTARAKHAND,2021-09-01,6660.0,6660,1.0373134048102612
UTTARAKHAND,2021-10-01,6660.0,6660,1.0570190337387695
UTTARAKHAND,2021-11-01,6660.0,6660,1.034674719058951
UTTARAKHAND,2021-12-01,6660.0,4891,0.7345148136939638
WEST BENGAL,2020-01-01,51163.0,31313,0.6120350618492463
WEST BENGAL,2020-02-01,51163.0,34723,0.6786767084355382
WEST BENGAL,2020-03-01,51163.0,33847,0.6615595240484492
WEST BENGAL,2020-04-01,51163.0,51163,1.1964757233817211
WEST BENGAL,2020-05-01,51163.0,51163,1.0224077804336105
WEST BENGAL,2020-06-01,51163.0,51163,1.0795711198091482
WEST BENGAL,2020-07-01,51163.0,38137,0.7454205649913053
WEST BENGAL,2020-08-01,51163.0,37340,0.7298260688840971
WEST BENGAL,2020-09-01,51163.0,51163,1.163414414189856
WEST BENGAL,2020-10-01,51163.0,51163,1.051580565408988
WEST BENGAL,2020-11-01,51163.0,51163,1.0341775174780132
WEST BENGAL,2020-12-01,51163.0,35829,0.7002964829886646
WEST BENGAL,2021-01-01,51163.0,37830,0.7394063983691379
WEST BENGAL,2021-02-01,51163.0,34970,0.6835144339520894
WEST BENGAL,2021-03-01,51163.0,35084,0.685741903420485
WEST BENGAL,2021-04-01,51163.0,51163,1.0559958187320568
WEST BENGAL,2021-05-01,51163.0,51163,1.1538985866383873
WEST BENGAL,2021-06-01,51163.0,51163,1.0374087497115048
WEST BENGAL,2021-07-01,51163.0,33181,0.6485518854606366
WEST BENGAL,2021-08-01,51163.0,33962,0.6638154657924625
WEST BENGAL,2021-09-01,51163.0,51163,1.101522075736891
WEST BENGAL,2021-10-01,51163.0,51163,1.048481946483016
WEST BENGAL,2021-11-01,51163.0,51163,1.0229673649478408
WEST BENGAL,2021-12-01,51163.0,35383,0.6915930063662449
