state,phc,chc,sdh,dh,total_hospitals,total_beds,population,beds_per_10k,occupancy_rate,occupied_beds,date
ANDAMAN & NICOBAR ISLANDS,27,4,0,3,34,1246.0,100608.0,123.84701017811705,0.6061810178271043,755,2018-01-01
ANDAMAN & NICOBAR ISLANDS,27,4,0,3,34,1246.0,100608.0,123.84701017811705,0.6926071459614874,862,2018-02-01
ANDAMAN & NICOBAR ISLANDS,27,4,0,3,34,1246.0,100608.0,123.84701017811705,0.5597990912717108,697,2018-03-01
ANDAMAN & NICOBAR ISLANDS,27,4,0,3,34,1246.0,100608.0,123.84701017811705,0.5397987726295554,672,2018-04-01
ANDAMAN & NICOBAR ISLANDS,27,4,0,3,34,1246.0,100608.0,123.84701017811705,0.4234027960663655,527,2018-05-01
ANDAMAN & NICOBAR ISLANDS,27,4,0,3,34,1246.0,100608.0,123.84701017811705,0.4233991780504304,527,2018-06-01
ANDAMAN & NICOBAR ISLANDS,27,4,0,3,34,1246.0,100608.0,123.84701017811705,0.4587125418252299,571,2018-07-01
ANDAMAN & NICOBAR ISLANDS,27,4,0,3,34,1246.0,100608.0,123.84701017811705,0.5799264218662403,722,2018-08-01
ANDAMAN & NICOBAR ISLANDS,27,4,0,3,34,1246.0,100608.0,123.84701017811705,0.5401672517614813,673,2018-09-01
ANDAMAN & NICOBAR ISLANDS,27,4,0,3,34,1246.0,100608.0,123.84701017811705,0.5562108866694068,693,2018-10-01
ANDAMAN & NICOBAR ISLANDS,27,4,0,3,34,1246.0,100608.0,123.84701017811705,0.5530876741443704,689,2018-11-01
ANDAMAN & NICOBAR ISLANDS,27,4,0,3,34,1246.0,100608.0,123.84701017811705,0.6954864778242991,866,2018-12-01
ANDAMAN & NICOBAR ISLANDS,27,4,0,3,34,1246.0,100608.0,123.84701017811705,0.6748663961200633,840,2019-01-01
ANDAMAN & NICOBAR ISLANDS,27,4,0,3,34,1246.0,100608.0,123.84701017811705,0.5818508666017415,724,2019-02-01
ANDAMAN & NICOBAR ISLANDS,27,4,0,3,34,1246.0,100608.0,123.84701017811705,0.4772737450810651,594,2019-03-01
ANDAMAN & NICOBAR ISLANDS,27,4,0,3,34,1246.0,100608.0,123.84701017811705,0.4775106764780151,594,2019-04-01
ANDAMAN & NICOBAR ISLANDS,27,4,0,3,34,1246.0,100608.0,123.84701017811705,0.4456363364439307,555,2019-05-01
ANDAMAN & NICOBAR ISLANDS,27,4,0,3,34,1246.0,100608.0,123.84701017811705,0.4787134647448357,596,2019-06-01
ANDAMAN & NICOBAR ISLANDS,27,4,0,3,34,1246.0,100608.0,123.84701017811705,0.5147917527963174,641,2019-07-01
ANDAMAN & NICOBAR ISLANDS,27,4,0,3,34,1246.0,100608.0,123.84701017811705,0.4936843710297063,615,2019-08-01
ANDAMAN & NICOBAR ISLANDS,27,4,0,3,34,1246.0,100608.0,123.84701017811705,0.541777934208357,675,2019-09-01
ANDAMAN & NICOBAR ISLANDS,27,4,0,3,34,1246.0,100608.0,123.84701017811705,0.47092407909780626,586,2019-10-01
ANDAMAN & NICOBAR ISLANDS,27,4,0,3,34,1246.0,100608.0,123.84701017811705,0.5938216972802828,739,2019-11-01
ANDAMAN & NICOBAR ISLANDS,27,4,0,3,34,1246.0,100608.0,123.84701017811705,0.6049542764940538,753,2019-12-01
ANDHRA PRADESH,1417,198,31,20,1666,60799.0,18171615.0,33.45822591993062,0.6184104976325554,37598,2018-01-01
ANDHRA PRADESH,1417,198,31,20,1666,60799.0,18171615.0,33.45822591993062,0.667776394208952,40600,2018-02-01
ANDHRA PRADESH,1417,198,31,20,1666,60799.0,18171615.0,33.45822591993062,0.479951067323754,29180,2018-03-01
ANDHRA PRADESH,1417,198,31,20,1666,60799.0,18171615.0,33.45822591993062,0.5271351657620418,32049,2018-04-01
ANDHRA PRADESH,1417,198,31,20,1666,60799.0,18171615.0,33.45822591993062,0.4888621853293064,29722,2018-05-01
ANDHRA PRADESH,1417,198,31,20,1666,60799.0,18171615.0,33.45822591993062,0.40696756190799965,24743,2018-06-01
ANDHRA PRADESH,1417,198,31,20,1666,60799.0,18171615.0,33.45822591993062,0.5411317277852158,32900,2018-07-01
ANDHRA PRADESH,1417,198,31,20,1666,60799.0,18171615.0,33.45822591993062,0.47557861855309375,28914,2018-08-01
ANDHRA PRADESH,1417,198,31,20,1666,60799.0,18171615.0,33.45822591993062,0.4597577389477919,27952,2018-09-01
ANDHRA PRADESH,1417,198,31,20,1666,60799.0,18171615.0,33.45822591993062,0.592332830588,36013,2018-10-01
ANDHRA PRADESH,1417,198,31,20,1666,60799.0,18171615.0,33.45822591993062,0.6948448049611838,42245,2018-11-01
ANDHRA PRADESH,1417,198,31,20,1666,60799.0,18171615.0,33.45822591993062,0.6712596022174692,40811,2018-12-01
ANDHRA PRADESH,1417,198,31,20,1666,60799.0,18171615.0,33.45822591993062,0.5956920653760056,36217,2019-01-01
ANDHRA PRADESH,1417,198,31,20,1666,60799.0,18171615.0,33.45822591993062,0.5646508171009575,34330,2019-02-01
ANDHRA PRADESH,1417,198,31,20,1666,60799.0,18171615.0,33.45822591993062,0.5526349539768235,33599,2019-03-01
ANDHRA PRADESH,1417,198,31,20,1666,60799.0,18171615.0,33.45822591993062,0.5160228740609402,31373,2019-04-01
ANDHRA PRADESH,1417,198,31,20,1666,60799.0,18171615.0,33.45822591993062,0.4183057352267168,25432,2019-05-01
ANDHRA PRADESH,1417,198,31,20,1666,60799.0,18171615.0,33.45822591993062,0.4742765365166905,28835,2019-06-01
ANDHRA PRADESH,1417,198,31,20,1666,60799.0,18171615.0,33.45822591993062,0.45515827816728277,27673,2019-07-01
ANDHRA PRADESH,1417,198,31,20,1666,60799.0,18171615.0,33.45822591993062,0.5863980603118173,35652,2019-08-01
ANDHRA PRADESH,1417,198,31,20,1666,60799.0,18171615.0,33.45822591993062,0.48881699724000255,29719,2019-09-01
ANDHRA PRADESH,1417,198,31,20,1666,60799.0,18171615.0,33.45822591993062,0.5493783426530973,33401,2019-10-01
ANDHRA PRADESH,1417,198,31,20,1666,60799.0,18171615.0,33.45822591993062,0.5967566614134117,36282,2019-11-01
ANDHRA PRADESH,1417,198,31,20,1666,60799.0,18171615.0,33.45822591993062,0.6280102031766716,38182,2019-12-01
ASSAM,1007,166,14,33,1220,19115.0,1391154.0,137.40391071010112,0.5320065419014919,10169,2018-01-01
ASSAM,1007,166,14,33,1220,19115.0,1391154.0,137.40391071010112,0.47772816832882903,9131,2018-02-01
ASSAM,1007,166,14,33,1220,19115.0,1391154.0,137.40391071010112,0.49543769416468375,9470,2018-03-01
ASSAM,1007,166,14,33,1220,19115.0,1391154.0,137.40391071010112,0.4662699235041672,8912,2018-04-01
ASSAM,1007,166,14,33,1220,19115.0,1391154.0,137.40391071010112,0.4409248412346284,8428,2018-05-01
ASSAM,1007,166,14,33,1220,19115.0,1391154.0,137.40391071010112,0.43422410256414734,8300,2018-06-01
ASSAM,1007,166,14,33,1220,19115.0,1391154.0,137.40391071010112,0.43968499682166273,8404,2018-07-01
ASSAM,1007,166,14,33,1220,19115.0,1391154.0,137.40391071010112,0.4882811352534675,9333,2018-08-01
ASSAM,1007,166,14,33,1220,19115.0,1391154.0,137.40391071010112,0.36327387530778793,6943,2018-09-01
ASSAM,1007,166,14,33,1220,19115.0,1391154.0,137.40391071010112,0.37939742936287174,7252,2018-10-01
ASSAM,1007,166,14,33,1220,19115.0,1391154.0,137.40391071010112,0.45678409333658065,8731,2018-11-01
ASSAM,1007,166,14,33,1220,19115.0,1391154.0,137.40391071010112,0.4987995496144897,9534,2018-12-01
ASSAM,1007,166,14,33,1220,19115.0,1391154.0,137.40391071010112,0.5083015934534223,9716,2019-01-01
ASSAM,1007,166,14,33,1220,19115.0,1391154.0,137.40391071010112,0.49070235476608437,9379,2019-02-01
ASSAM,1007,166,14,33,1220,19115.0,1391154.0,137.40391071010112,0.4743106263727894,9066,2019-03-01
ASSAM,1007,166,14,33,1220,19115.0,1391154.0,137.40391071010112,0.40351299900403836,7713,2019-04-01
ASSAM,1007,166,14,33,1220,19115.0,1391154.0,137.40391071010112,0.3421401764531071,6540,2019-05-01
ASSAM,1007,166,14,33,1220,19115.0,1391154.0,137.40391071010112,0.3814044124737373,7290,2019-06-01
ASSAM,1007,166,14,33,1220,19115.0,1391154.0,137.40391071010112,0.37113863374621436,7094,2019-07-01
ASSAM,1007,166,14,33,1220,19115.0,1391154.0,137.40391071010112,0.47032954711310593,8990,2019-08-01
ASSAM,1007,166,14,33,1220,19115.0,1391154.0,137.40391071010112,0.3611825965519656,6904,2019-09-01
ASSAM,1007,166,14,33,1220,19115.0,1391154.0,137.40391071010112,0.49803304049007757,9519,2019-10-01
ASSAM,1007,166,14,33,1220,19115.0,1391154.0,137.40391071010112,0.5658367153944986,10815,2019-11-01
ASSAM,1007,166,14,33,1220,19115.0,1391154.0,137.40391071010112,0.4798073522301258,9171,2019-12-01
BIHAR,2007,63,33,43,2146,17796.0,6714516.0,26.50377182808113,0.45082831756854036,8022,2018-01-01
BIHAR,2007,63,33,43,2146,17796.0,6714516.0,26.50377182808113,0.5723192142682251,10184,2018-02-01
BIHAR,2007,63,33,43,2146,17796.0,6714516.0,26.50377182808113,0.45602860157714253,8115,2018-03-01
BIHAR,2007,63,33,43,2146,17796.0,6714516.0,26.50377182808113,0.4593510752061481,8174,2018-04-01
BIHAR,2007,63,33,43,2146,17796.0,6714516.0,26.50377182808113,0.4156905520028919,7397,2018-05-01
BIHAR,2007,63,33,43,2146,17796.0,6714516.0,26.50377182808113,0.31110669776011357,5536,2018-06-01
BIHAR,2007,63,33,43,2146,17796.0,6714516.0,26.50377182808113,0.4037698592816409,7185,2018-07-01
BIHAR,2007,63,33,43,2146,17796.0,6714516.0,26.50377182808113,0.3673803589287694,6537,2018-08-01
BIHAR,2007,63,33,43,2146,17796.0,6714516.0,26.50377182808113,0.479465513881339,8532,2018-09-01
BIHAR,2007,63,33,43,2146,17796.0,6714516.0,26.50377182808113,0.4434947190241337,7892,2018-10-01
BIHAR,2007,63,33,43,2146,17796.0,6714516.0,26.50377182808113,0.4996347037278973,8891,2018-11-01
BIHAR,2007,63,33,43,2146,17796.0,6714516.0,26.50377182808113,0.4595337525429035,8177,2018-12-01
BIHAR,2007,63,33,43,2146,17796.0,6714516.0,26.50377182808113,0.49664734825734935,8838,2019-01-01
BIHAR,2007,63,33,43,2146,17796.0,6714516.0,26.50377182808113,0.4987774983040121,8876,2019-02-01
BIHAR,2007,63,33,43,2146,17796.0,6714516.0,26.50377182808113,0.4594409267507096,8176,2019-03-01
BIHAR,2007,63,33,43,2146,17796.0,6714516.0,26.50377182808113,0.44563362070328194,7930,2019-04-01
BIHAR,2007,63,33,43,2146,17796.0,6714516.0,26.50377182808113,0.43308191138644897,7707,2019-05-01
BIHAR,2007,63,33,43,2146,17796.0,6714516.0,26.50377182808113,0.3708322387742924,6599,2019-06-01
BIHAR,2007,63,33,43,2146,17796.0,6714516.0,26.50377182808113,0.36793913689074526,6547,2019-07-01
BIHAR,2007,63,33,43,2146,17796.0,6714516.0,26.50377182808113,0.45698671808344926,8132,2019-08-01
BIHAR,2007,63,33,43,2146,17796.0,6714516.0,26.50377182808113,0.4641177572925346,8259,2019-09-01
BIHAR,2007,63,33,43,2146,17796.0,6714516.0,26.50377182808113,0.43419157963542443,7726,2019-10-01
BIHAR,2007,63,33,43,2146,17796.0,6714516.0,26.50377182808113,0.5656450769931841,10066,2019-11-01
BIHAR,2007,63,33,43,2146,17796.0,6714516.0,26.50377182808113,0.5240693394546586,9326,2019-12-01
CHANDIGARH,40,2,1,4,47,3756.0,960787.0,39.09295192378748,0.7522732829381994,2825,2018-01-01
CHANDIGARH,40,2,1,4,47,3756.0,960787.0,39.09295192378748,0.7427541018358549,2789,2018-02-01
CHANDIGARH,40,2,1,4,47,3756.0,960787.0,39.09295192378748,0.6025419126744095,2263,2018-03-01
CHANDIGARH,40,2,1,4,47,3756.0,960787.0,39.09295192378748,0.6107891426993304,2294,2018-04-01
CHANDIGARH,40,2,1,4,47,3756.0,960787.0,39.09295192378748,0.5531429185686734,2077,2018-05-01
CHANDIGARH,40,2,1,4,47,3756.0,960787.0,39.09295192378748,0.613641041126378,2304,2018-06-01
CHANDIGARH,40,2,1,4,47,3756.0,960787.0,39.09295192378748,0.6314355981076326,2371,2018-07-01
CHANDIGARH,40,2,1,4,47,3756.0,960787.0,39.09295192378748,0.6508570691164702,2444,2018-08-01
CHANDIGARH,40,2,1,4,47,3756.0,960787.0,39.09295192378748,0.6907566473926092,2594,2018-09-01
CHANDIGARH,40,2,1,4,47,3756.0,960787.0,39.09295192378748,0.6249292229148875,2347,2018-10-01
CHANDIGARH,40,2,1,4,47,3756.0,960787.0,39.09295192378748,0.7410382923035629,2783,2018-11-01
CHANDIGARH,40,2,1,4,47,3756.0,960787.0,39.09295192378748,0.7755551138543048,2912,2018-12-01
CHANDIGARH,40,2,1,4,47,3756.0,960787.0,39.09295192378748,0.7228798165491622,2715,2019-01-01
CHANDIGARH,40,2,1,4,47,3756.0,960787.0,39.09295192378748,0.7076979909828792,2658,2019-02-01
CHANDIGARH,40,2,1,4,47,3756.0,960787.0,39.09295192378748,0.6289751452913768,2362,2019-03-01
CHANDIGARH,40,2,1,4,47,3756.0,960787.0,39.09295192378748,0.6161221287254004,2314,2019-04-01
CHANDIGARH,40,2,1,4,47,3756.0,960787.0,39.09295192378748,0.6429697652342572,2414,2019-05-01
CHANDIGARH,40,2,1,4,47,3756.0,960787.0,39.09295192378748,0.6308120379564416,2369,2019-06-01
CHANDIGARH,40,2,1,4,47,3756.0,960787.0,39.09295192378748,0.6633403756510423,2491,2019-07-01
CHANDIGARH,40,2,1,4,47,3756.0,960787.0,39.09295192378748,0.6871460590187717,2580,2019-08-01
CHANDIGARH,40,2,1,4,47,3756.0,960787.0,39.09295192378748,0.6803672076899114,2555,2019-09-01
CHANDIGARH,40,2,1,4,47,3756.0,960787.0,39.09295192378748,0.6186570058886035,2323,2019-10-01
CHANDIGARH,40,2,1,4,47,3756.0,960787.0,39.09295192378748,0.7892558998489977,2964,2019-11-01
CHANDIGARH,40,2,1,4,47,3756.0,960787.0,39.09295192378748,0.753934224191565,2831,2019-12-01
CHHATTISGARH,813,166,12,32,1023,14354.0,3137918.0,45.743706495835774,0.5711160232746094,8197,2018-01-01
CHHATTISGARH,813,166,12,32,1023,14354.0,3137918.0,45.743706495835774,0.584413694988524,8388,2018-02-01
CHHATTISGARH,813,166,12,32,1023,14354.0,3137918.0,45.743706495835774,0.3977005212457796,5708,2018-03-01
CHHATTISGARH,813,166,12,32,1023,14354.0,3137918.0,45.743706495835774,0.3665077886791515,5260,2018-04-01
CHHATTISGARH,813,166,12,32,1023,14354.0,3137918.0,45.743706495835774,0.33419027438129123,4796,2018-05-01
CHHATTISGARH,813,166,12,32,1023,14354.0,3137918.0,45.743706495835774,0.36406616829393845,5225,2018-06-01
CHHATTISGARH,813,166,12,32,1023,14354.0,3137918.0,45.743706495835774,0.47270221488837394,6785,2018-07-01
CHHATTISGARH,813,166,12,32,1023,14354.0,3137918.0,45.743706495835774,0.4791095874884515,6877,2018-08-01
CHHATTISGARH,813,166,12,32,1023,14354.0,3137918.0,45.743706495835774,0.3510428195796786,5038,2018-09-01
CHHATTISGARH,813,166,12,32,1023,14354.0,3137918.0,45.743706495835774,0.42661209538663486,6123,2018-10-01
CHHATTISGARH,813,166,12,32,1023,14354.0,3137918.0,45.743706495835774,0.5126116504723168,7358,2018-11-01
CHHATTISGARH,813,166,12,32,1023,14354.0,3137918.0,45.743706495835774,0.4833161715706096,6937,2018-12-01
CHHATTISGARH,813,166,12,32,1023,14354.0,3137918.0,45.743706495835774,0.46797980510005244,6717,2019-01-01
CHHATTISGARH,813,166,12,32,1023,14354.0,3137918.0,45.743706495835774,0.5006422757105442,7186,2019-02-01
CHHATTISGARH,813,166,12,32,1023,14354.0,3137918.0,45.743706495835774,0.4914364555868779,7054,2019-03-01
CHHATTISGARH,813,166,12,32,1023,14354.0,3137918.0,45.743706495835774,0.39848043980311326,5719,2019-04-01
CHHATTISGARH,813,166,12,32,1023,14354.0,3137918.0,45.743706495835774,0.3778185932615049,5423,2019-05-01
CHHATTISGARH,813,166,12,32,1023,14354.0,3137918.0,45.743706495835774,0.40545284383427665,5819,2019-06-01
CHHATTISGARH,813,166,12,32,1023,14354.0,3137918.0,45.743706495835774,0.4045444403568941,5806,2019-07-01
CHHATTISGARH,813,166,12,32,1023,14354.0,3137918.0,45.743706495835774,0.4957673124081441,7116,2019-08-01
CHHATTISGARH,813,166,12,32,1023,14354.0,3137918.0,45.743706495835774,0.4943670942413167,7096,2019-09-01
CHHATTISGARH,813,166,12,32,1023,14354.0,3137918.0,45.743706495835774,0.3877673443738046,5566,2019-10-01
CHHATTISGARH,813,166,12,32,1023,14354.0,3137918.0,45.743706495835774,0.5245872758838578,7529,2019-11-01
CHHATTISGARH,813,166,12,32,1023,14354.0,3137918.0,45.743706495835774,0.49513174647251545,7107,2019-12-01
DELHI,534,25,9,47,615,20572.0,13481997.0,15.258867065465154,0.7284840494377467,14986,2018-01-01
DELHI,534,25,9,47,615,20572.0,13481997.0,15.258867065465154,0.7036886947354533,14476,2018-02-01
DELHI,534,25,9,47,615,20572.0,13481997.0,15.258867065465154,0.6609564333979896,13597,2018-03-01
DELHI,534,25,9,47,615,20572.0,13481997.0,15.258867065465154,0.6502679023228861,13377,2018-04-01
DELHI,534,25,9,47,615,20572.0,13481997.0,15.258867065465154,0.5551478751249989,11420,2018-05-01
DELHI,534,25,9,47,615,20572.0,13481997.0,15.258867065465154,0.5778646464236611,11887,2018-06-01
DELHI,534,25,9,47,615,20572.0,13481997.0,15.258867065465154,0.6908265885966653,14211,2018-07-01
DELHI,534,25,9,47,615,20572.0,13481997.0,15.258867065465154,0.6239561890666973,12836,2018-08-01
DELHI,534,25,9,47,615,20572.0,13481997.0,15.258867065465154,0.6144894872091223,12641,2018-09-01
DELHI,534,25,9,47,615,20572.0,13481997.0,15.258867065465154,0.6489452760277563,13350,2018-10-01
DELHI,534,25,9,47,615,20572.0,13481997.0,15.258867065465154,0.79856504541106,16428,2018-11-01
DELHI,534,25,9,47,615,20572.0,13481997.0,15.258867065465154,0.7242055271511499,14898,2018-12-01
DELHI,534,25,9,47,615,20572.0,13481997.0,15.258867065465154,0.7672135547405878,15783,2019-01-01
DELHI,534,25,9,47,615,20572.0,13481997.0,15.258867065465154,0.7761619615328718,15967,2019-02-01
DELHI,534,25,9,47,615,20572.0,13481997.0,15.258867065465154,0.6237637543992399,12832,2019-03-01
DELHI,534,25,9,47,615,20572.0,13481997.0,15.258867065465154,0.672821634861186,13841,2019-04-01
DELHI,534,25,9,47,615,20572.0,13481997.0,15.258867065465154,0.5867783132719252,12071,2019-05-01
DELHI,534,25,9,47,615,20572.0,13481997.0,15.258867065465154,0.6132305830593578,12615,2019-06-01
DELHI,534,25,9,47,615,20572.0,13481997.0,15.258867065465154,0.6633529710760895,13646,2019-07-01
DELHI,534,25,9,47,615,20572.0,13481997.0,15.258867065465154,0.6535774684074758,13445,2019-08-01
DELHI,534,25,9,47,615,20572.0,13481997.0,15.258867065465154,0.6090289770054408,12528,2019-09-01
DELHI,534,25,9,47,615,20572.0,13481997.0,15.258867065465154,0.6835302495589237,14061,2019-10-01
DELHI,534,25,9,47,615,20572.0,13481997.0,15.258867065465154,0.7320780064971736,15060,2019-11-01
DELHI,534,25,9,47,615,20572.0,13481997.0,15.258867065465154,0.7186518510399854,14784,2019-12-01
GOA,31,4,2,3,40,2666.0,1458545.0,18.27848986489961,0.7040775141554764,1877,2018-01-01
GOA,31,4,2,3,40,2666.0,1458545.0,18.27848986489961,0.7590892943188241,2023,2018-02-01
GOA,31,4,2,3,40,2666.0,1458545.0,18.27848986489961,0.6677564361842282,1780,2018-03-01
GOA,31,4,2,3,40,2666.0,1458545.0,18.27848986489961,0.6016587828927856,1604,2018-04-01
GOA,31,4,2,3,40,2666.0,1458545.0,18.27848986489961,0.601209305829928,1602,2018-05-01
GOA,31,4,2,3,40,2666.0,1458545.0,18.27848986489961,0.5726495775197937,1526,2018-06-01
GOA,31,4,2,3,40,2666.0,1458545.0,18.27848986489961,0.6645172790409449,1771,2018-07-01
GOA,31,4,2,3,40,2666.0,1458545.0,18.27848986489961,0.6174366429004992,1646,2018-08-01
GOA,31,4,2,3,40,2666.0,1458545.0,18.27848986489961,0.6690937738102466,1783,2018-09-01
GOA,31,4,2,3,40,2666.0,1458545.0,18.27848986489961,0.6386735346300537,1702,2018-10-01
GOA,31,4,2,3,40,2666.0,1458545.0,18.27848986489961,0.7936729988736734,2115,2018-11-01
GOA,31,4,2,3,40,2666.0,1458545.0,18.27848986489961,0.7137520944145993,1902,2018-12-01
GOA,31,4,2,3,40,2666.0,1458545.0,18.27848986489961,0.7341066351050258,1957,2019-01-01
GOA,31,4,2,3,40,2666.0,1458545.0,18.27848986489961,0.7113473521240589,1896,2019-02-01
GOA,31,4,2,3,40,2666.0,1458545.0,18.27848986489961,0.6924693618278562,1846,2019-03-01
GOA,31,4,2,3,40,2666.0,1458545.0,18.27848986489961,0.687733935338098,1833,2019-04-01
GOA,31,4,2,3,40,2666.0,1458545.0,18.27848986489961,0.5757941627715155,1535,2019-05-01
GOA,31,4,2,3,40,2666.0,1458545.0,18.27848986489961,0.6159984046034178,1642,2019-06-01
GOA,31,4,2,3,40,2666.0,1458545.0,18.27848986489961,0.6817222200201215,1817,2019-07-01
GOA,31,4,2,3,40,2666.0,1458545.0,18.27848986489961,0.6555200811599462,1747,2019-08-01
GOA,31,4,2,3,40,2666.0,1458545.0,18.27848986489961,0.6529650578356007,1740,2019-09-01
GOA,31,4,2,3,40,2666.0,1458545.0,18.27848986489961,0.6241852290900451,1664,2019-10-01
GOA,31,4,2,3,40,2666.0,1458545.0,18.27848986489961,0.7093102767805899,1891,2019-11-01
GOA,31,4,2,3,40,2666.0,1458545.0,18.27848986489961,0.7897215757953326,2105,2019-12-01
GUJARAT,1770,385,44,37,2236,41129.0,17835049.0,23.060772078618903,0.790041805716333,32493,2018-01-01
GUJARAT,1770,385,44,37,2236,41129.0,17835049.0,23.060772078618903,0.7633101457273267,31394,2018-02-01
GUJARAT,1770,385,44,37,2236,41129.0,17835049.0,23.060772078618903,0.63390297910487,26071,2018-03-01
GUJARAT,1770,385,44,37,2236,41129.0,17835049.0,23.060772078618903,0.6349209574612661,26113,2018-04-01
GUJARAT,1770,385,44,37,2236,41129.0,17835049.0,23.060772078618903,0.6225955678870239,25606,2018-05-01
GUJARAT,1770,385,44,37,2236,41129.0,17835049.0,23.060772078618903,0.6397110259952576,26310,2018-06-01
GUJARAT,1770,385,44,37,2236,41129.0,17835049.0,23.060772078618903,0.6887086424265116,28325,2018-07-01
GUJARAT,1770,385,44,37,2236,41129.0,17835049.0,23.060772078618903,0.6779875545857623,27884,2018-08-01
GUJARAT,1770,385,44,37,2236,41129.0,17835049.0,23.060772078618903,0.6642031646154287,27318,2018-09-01
GUJARAT,1770,385,44,37,2236,41129.0,17835049.0,23.060772078618903,0.6084139964995049,25023,2018-10-01
GUJARAT,1770,385,44,37,2236,41129.0,17835049.0,23.060772078618903,0.7161628714094613,29455,2018-11-01
GUJARAT,1770,385,44,37,2236,41129.0,17835049.0,23.060772078618903,0.7898554188527078,32485,2018-12-01
GUJARAT,1770,385,44,37,2236,41129.0,17835049.0,23.060772078618903,0.760642905965959,31284,2019-01-01
GUJARAT,1770,385,44,37,2236,41129.0,17835049.0,23.060772078618903,0.7009197051616629,28828,2019-02-01
GUJARAT,1770,385,44,37,2236,41129.0,17835049.0,23.060772078618903,0.6101471542866032,25094,2019-03-01
GUJARAT,1770,385,44,37,2236,41129.0,17835049.0,23.060772078618903,0.6663501769108056,27406,2019-04-01
GUJARAT,1770,385,44,37,2236,41129.0,17835049.0,23.060772078618903,0.5505061583846218,22641,2019-05-01
GUJARAT,1770,385,44,37,2236,41129.0,17835049.0,23.060772078618903,0.5660808051417497,23282,2019-06-01
GUJARAT,1770,385,44,37,2236,41129.0,17835049.0,23.060772078618903,0.6548733789366585,26934,2019-07-01
GUJARAT,1770,385,44,37,2236,41129.0,17835049.0,23.060772078618903,0.6691895197692693,27523,2019-08-01
GUJARAT,1770,385,44,37,2236,41129.0,17835049.0,23.060772078618903,0.66519612595026,27358,2019-09-01
GUJARAT,1770,385,44,37,2236,41129.0,17835049.0,23.060772078618903,0.622426930946056,25599,2019-10-01
GUJARAT,1770,385,44,37,2236,41129.0,17835049.0,23.060772078618903,0.7712179221347535,31719,2019-11-01
GUJARAT,1770,385,44,37,2236,41129.0,17835049.0,23.060772078618903,0.72372490874968,29766,2019-12-01
HARYANA,500,131,24,28,683,13841.0,5952223.0,23.253497054797844,0.5988099547238902,8288,2018-01-01
HARYANA,500,131,24,28,683,13841.0,5952223.0,23.253497054797844,0.6619737107677036,9162,2018-02-01
HARYANA,500,131,24,28,683,13841.0,5952223.0,23.253497054797844,0.5474449348570822,7577,2018-03-01
HARYANA,500,131,24,28,683,13841.0,5952223.0,23.253497054797844,0.5773835115741267,7991,2018-04-01
HARYANA,500,131,24,28,683,13841.0,5952223.0,23.253497054797844,0.49864193384505145,6901,2018-05-01
HARYANA,500,131,24,28,683,13841.0,5952223.0,23.253497054797844,0.4852462905003207,6716,2018-06-01
HARYANA,500,131,24,28,683,13841.0,5952223.0,23.253497054797844,0.4640512151742139,6422,2018-07-01
HARYANA,500,131,24,28,683,13841.0,5952223.0,23.253497054797844,0.5051573704589151,6991,2018-08-01
HARYANA,500,131,24,28,683,13841.0,5952223.0,23.253497054797844,0.4897803551522588,6779,2018-09-01
HARYANA,500,131,24,28,683,13841.0,5952223.0,23.253497054797844,0.48659844650686257,6735,2018-10-01
HARYANA,500,131,24,28,683,13841.0,5952223.0,23.253497054797844,0.6959515832128668,9632,2018-11-01
HARYANA,500,131,24,28,683,13841.0,5952223.0,23.253497054797844,0.608964658700014,8428,2018-12-01
HARYANA,500,131,24,28,683,13841.0,5952223.0,23.253497054797844,0.683806983276567,9464,2019-01-01
HARYANA,500,131,24,28,683,13841.0,5952223.0,23.253497054797844,0.6446707938995894,8922,2019-02-01
HARYANA,500,131,24,28,683,13841.0,5952223.0,23.253497054797844,0.5692216955312472,7878,2019-03-01
HARYANA,500,131,24,28,683,13841.0,5952223.0,23.253497054797844,0.5253955639657788,7272,2019-04-01
HARYANA,500,131,24,28,683,13841.0,5952223.0,23.253497054797844,0.48653558269395386,6734,2019-05-01
HARYANA,500,131,24,28,683,13841.0,5952223.0,23.253497054797844,0.4738776540728296,6558,2019-06-01
HARYANA,500,131,24,28,683,13841.0,5952223.0,23.253497054797844,0.47928644816970667,6633,2019-07-01
HARYANA,500,131,24,28,683,13841.0,5952223.0,23.253497054797844,0.5583678172892258,7728,2019-08-01
HARYANA,500,131,24,28,683,13841.0,5952223.0,23.253497054797844,0.49211585436612837,6811,2019-09-01
HARYANA,500,131,24,28,683,13841.0,5952223.0,23.253497054797844,0.45364739496471806,6278,2019-10-01
HARYANA,500,131,24,28,683,13841.0,5952223.0,23.253497054797844,0.6468208443860751,8952,2019-11-01
HARYANA,500,131,24,28,683,13841.0,5952223.0,23.253497054797844,0.5765666019110574,7980,2019-12-01
HIMACHAL PRADESH,516,79,61,15,671,8706.0,169758.0,512.8477008447319,0.6910687876529371,6016,2018-01-01
HIMACHAL PRADESH,516,79,61,15,671,8706.0,169758.0,512.8477008447319,0.693089286550388,6034,2018-02-01
HIMACHAL PRADESH,516,79,61,15,671,8706.0,169758.0,512.8477008447319,0.5872296585330673,5112,2018-03-01
HIMACHAL PRADESH,516,79,61,15,671,8706.0,169758.0,512.8477008447319,0.5055238050383166,4401,2018-04-01
HIMACHAL PRADESH,516,79,61,15,671,8706.0,169758.0,512.8477008447319,0.40231849247933016,3502,2018-05-01
HIMACHAL PRADESH,516,79,61,15,671,8706.0,169758.0,512.8477008447319,0.5392477843881587,4694,2018-06-01
HIMACHAL PRADESH,516,79,61,15,671,8706.0,169758.0,512.8477008447319,0.5142276222475971,4476,2018-07-01
HIMACHAL PRADESH,516,79,61,15,671,8706.0,169758.0,512.8477008447319,0.5949982228565505,5180,2018-08-01
HIMACHAL PRADESH,516,79,61,15,671,8706.0,169758.0,512.8477008447319,0.5945429965633879,5176,2018-09-01
HIMACHAL PRADESH,516,79,61,15,671,8706.0,169758.0,512.8477008447319,0.577951418320104,5031,2018-10-01
HIMACHAL PRADESH,516,79,61,15,671,8706.0,169758.0,512.8477008447319,0.5941673338104378,5172,2018-11-01
HIMACHAL PRADESH,516,79,61,15,671,8706.0,169758.0,512.8477008447319,0.6077646592902888,5291,2018-12-01
HIMACHAL PRADESH,516,79,61,15,671,8706.0,169758.0,512.8477008447319,0.6776705007275284,5899,2019-01-01
HIMACHAL PRADESH,516,79,61,15,671,8706.0,169758.0,512.8477008447319,0.5975383007734416,5202,2019-02-01
HIMACHAL PRADESH,516,79,61,15,671,8706.0,169758.0,512.8477008447319,0.4754239120029139,4139,2019-03-01
HIMACHAL PRADESH,516,79,61,15,671,8706.0,169758.0,512.8477008447319,0.5335201893687526,4644,2019-04-01
HIMACHAL PRADESH,516,79,61,15,671,8706.0,169758.0,512.8477008447319,0.5404232161241171,4704,2019-05-01
HIMACHAL PRADESH,516,79,61,15,671,8706.0,169758.0,512.8477008447319,0.504404469501246,4391,2019-06-01
HIMACHAL PRADESH,516,79,61,15,671,8706.0,169758.0,512.8477008447319,0.5355091755134047,4662,2019-07-01
HIMACHAL PRADESH,516,79,61,15,671,8706.0,169758.0,512.8477008447319,0.4645764740656153,4044,2019-08-01
HIMACHAL PRADESH,516,79,61,15,671,8706.0,169758.0,512.8477008447319,0.5422510840048754,4720,2019-09-01
HIMACHAL PRADESH,516,79,61,15,671,8706.0,169758.0,512.8477008447319,0.5985080775156395,5210,2019-10-01
HIMACHAL PRADESH,516,79,61,15,671,8706.0,169758.0,512.8477008447319,0.5710126022854786,4971,2019-11-01
HIMACHAL PRADESH,516,79,61,15,671,8706.0,169758.0,512.8477008447319,0.6277494478545604,5465,2019-12-01
JHARKHAND,343,179,13,23,558,7404.0,4278259.0,17.306105123602848,0.5816059607891934,4306,2018-01-01
JHARKHAND,343,179,13,23,558,7404.0,4278259.0,17.306105123602848,0.5611152926631306,4154,2018-02-01
JHARKHAND,343,179,13,23,558,7404.0,4278259.0,17.306105123602848,0.4545523611492902,3365,2018-03-01
JHARKHAND,343,179,13,23,558,7404.0,4278259.0,17.306105123602848,0.4553726125980664,3371,2018-04-01
JHARKHAND,343,179,13,23,558,7404.0,4278259.0,17.306105123602848,0.35392367268296326,2620,2018-05-01
JHARKHAND,343,179,13,23,558,7404.0,4278259.0,17.306105123602848,0.344038776639674,2547,2018-06-01
JHARKHAND,343,179,13,23,558,7404.0,4278259.0,17.306105123602848,0.47140417332177703,3490,2018-07-01
JHARKHAND,343,179,13,23,558,7404.0,4278259.0,17.306105123602848,0.4715170092018771,3491,2018-08-01
JHARKHAND,343,179,13,23,558,7404.0,4278259.0,17.306105123602848,0.4800608477870155,3554,2018-09-01
JHARKHAND,343,179,13,23,558,7404.0,4278259.0,17.306105123602848,0.4869860828834707,3605,2018-10-01
JHARKHAND,343,179,13,23,558,7404.0,4278259.0,17.306105123602848,0.5267013598291407,3899,2018-11-01
JHARKHAND,343,179,13,23,558,7404.0,4278259.0,17.306105123602848,0.5252274442030799,3888,2018-12-01
JHARKHAND,343,179,13,23,558,7404.0,4278259.0,17.306105123602848,0.5697442768450163,4218,2019-01-01
JHARKHAND,343,179,13,23,558,7404.0,4278259.0,17.306105123602848,0.5474945896166648,4053,2019-02-01
JHARKHAND,343,179,13,23,558,7404.0,4278259.0,17.306105123602848,0.4552950315886555,3371,2019-03-01
JHARKHAND,343,179,13,23,558,7404.0,4278259.0,17.306105123602848,0.4693689004154151,3475,2019-04-01
JHARKHAND,343,179,13,23,558,7404.0,4278259.0,17.306105123602848,0.43350080127263496,3209,2019-05-01
JHARKHAND,343,179,13,23,558,7404.0,4278259.0,17.306105123602848,0.3506992735277304,2596,2019-06-01
JHARKHAND,343,179,13,23,558,7404.0,4278259.0,17.306105123602848,0.4063374428959916,3008,2019-07-01
JHARKHAND,343,179,13,23,558,7404.0,4278259.0,17.306105123602848,0.3640972909761303,2695,2019-08-01
JHARKHAND,343,179,13,23,558,7404.0,4278259.0,17.306105123602848,0.43674202114942606,3233,2019-09-01
JHARKHAND,343,179,13,23,558,7404.0,4278259.0,17.306105123602848,0.3553913410695113,2631,2019-10-01
JHARKHAND,343,179,13,23,558,7404.0,4278259.0,17.306105123602848,0.519839702719869,3848,2019-11-01
JHARKHAND,343,179,13,23,558,7404.0,4278259.0,17.306105123602848,0.5313966952061365,3934,2019-12-01
KARNATAKA,2547,207,147,42,2943,56333.0,15799896.0,35.65403215312303,0.7286541252128284,41047,2018-01-01
KARNATAKA,2547,207,147,42,2943,56333.0,15799896.0,35.65403215312303,0.759083326056901,42761,2018-02-01
KARNATAKA,2547,207,147,42,2943,56333.0,15799896.0,35.65403215312303,0.6030500249939049,33971,2018-03-01
KARNATAKA,2547,207,147,42,2943,56333.0,15799896.0,35.65403215312303,0.6037348188749214,34010,2018-04-01
KARNATAKA,2547,207,147,42,2943,56333.0,15799896.0,35.65403215312303,0.6322600560659657,35617,2018-05-01
KARNATAKA,2547,207,147,42,2943,56333.0,15799896.0,35.65403215312303,0.5860190641411263,33012,2018-06-01
KARNATAKA,2547,207,147,42,2943,56333.0,15799896.0,35.65403215312303,0.6127060512651884,34515,2018-07-01
KARNATAKA,2547,207,147,42,2943,56333.0,15799896.0,35.65403215312303,0.6522243260054804,36741,2018-08-01
KARNATAKA,2547,207,147,42,2943,56333.0,15799896.0,35.65403215312303,0.676999355309861,38137,2018-09-01
KARNATAKA,2547,207,147,42,2943,56333.0,15799896.0,35.65403215312303,0.6215821027496843,35015,2018-10-01
KARNATAKA,2547,207,147,42,2943,56333.0,15799896.0,35.65403215312303,0.7622890475819,42942,2018-11-01
KARNATAKA,2547,207,147,42,2943,56333.0,15799896.0,35.65403215312303,0.7085347464993768,39913,2018-12-01
KARNATAKA,2547,207,147,42,2943,56333.0,15799896.0,35.65403215312303,0.7051681721168607,39724,2019-01-01
KARNATAKA,2547,207,147,42,2943,56333.0,15799896.0,35.65403215312303,0.7531354631568148,42426,2019-02-01
KARNATAKA,2547,207,147,42,2943,56333.0,15799896.0,35.65403215312303,0.6540635121610107,36845,2019-03-01
KARNATAKA,2547,207,147,42,2943,56333.0,15799896.0,35.65403215312303,0.6637429901498206,37390,2019-04-01
KARNATAKA,2547,207,147,42,2943,56333.0,15799896.0,35.65403215312303,0.6226091333722661,35073,2019-05-01
KARNATAKA,2547,207,147,42,2943,56333.0,15799896.0,35.65403215312303,0.6475852079462534,36480,2019-06-01
KARNATAKA,2547,207,147,42,2943,56333.0,15799896.0,35.65403215312303,0.6516300348301195,36708,2019-07-01
KARNATAKA,2547,207,147,42,2943,56333.0,15799896.0,35.65403215312303,0.6322956472941246,35619,2019-08-01
KARNATAKA,2547,207,147,42,2943,56333.0,15799896.0,35.65403215312303,0.6795186194768703,38279,2019-09-01
KARNATAKA,2547,207,147,42,2943,56333.0,15799896.0,35.65403215312303,0.6270832251262074,35325,2019-10-01
KARNATAKA,2547,207,147,42,2943,56333.0,15799896.0,35.65403215312303,0.7438971420705636,41905,2019-11-01
KARNATAKA,2547,207,147,42,2943,56333.0,15799896.0,35.65403215312303,0.7078456381342265,39875,2019-12-01
KERALA,933,229,82,53,1297,39511.0,2755973.0,143.36497491085726,0.7025350743415457,27757,2018-01-01
KERALA,933,229,82,53,1297,39511.0,2755973.0,143.36497491085726,0.7962648414677924,31461,2018-02-01
KERALA,933,229,82,53,1297,39511.0,2755973.0,143.36497491085726,0.6835980120512205,27009,2018-03-01
KERALA,933,229,82,53,1297,39511.0,2755973.0,143.36497491085726,0.6695974206093698,26456,2018-04-01
KERALA,933,229,82,53,1297,39511.0,2755973.0,143.36497491085726,0.590895294441427,23346,2018-05-01
KERALA,933,229,82,53,1297,39511.0,2755973.0,143.36497491085726,0.5673294320070845,22415,2018-06-01
KERALA,933,229,82,53,1297,39511.0,2755973.0,143.36497491085726,0.6156437042671086,24324,2018-07-01
KERALA,933,229,82,53,1297,39511.0,2755973.0,143.36497491085726,0.6250242898164595,24695,2018-08-01
KERALA,933,229,82,53,1297,39511.0,2755973.0,143.36497491085726,0.654922666470612,25876,2018-09-01
KERALA,933,229,82,53,1297,39511.0,2755973.0,143.36497491085726,0.6714595922700062,26530,2018-10-01
KERALA,933,229,82,53,1297,39511.0,2755973.0,143.36497491085726,0.7660197376717731,30266,2018-11-01
KERALA,933,229,82,53,1297,39511.0,2755973.0,143.36497491085726,0.7279933896945943,28763,2018-12-01
KERALA,933,229,82,53,1297,39511.0,2755973.0,143.36497491085726,0.7954865280663194,31430,2019-01-01
KERALA,933,229,82,53,1297,39511.0,2755973.0,143.36497491085726,0.7737896916695768,30573,2019-02-01
KERALA,933,229,82,53,1297,39511.0,2755973.0,143.36497491085726,0.6554354052511401,25896,2019-03-01
KERALA,933,229,82,53,1297,39511.0,2755973.0,143.36497491085726,0.6611720746234352,26123,2019-04-01
KERALA,933,229,82,53,1297,39511.0,2755973.0,143.36497491085726,0.5919600062427789,23388,2019-05-01
KERALA,933,229,82,53,1297,39511.0,2755973.0,143.36497491085726,0.5747730989501156,22709,2019-06-01
KERALA,933,229,82,53,1297,39511.0,2755973.0,143.36497491085726,0.6355972678651262,25113,2019-07-01
KERALA,933,229,82,53,1297,39511.0,2755973.0,143.36497491085726,0.6757846110464368,26700,2019-08-01
KERALA,933,229,82,53,1297,39511.0,2755973.0,143.36497491085726,0.6014393488629756,23763,2019-09-01
KERALA,933,229,82,53,1297,39511.0,2755973.0,143.36497491085726,0.6116072640506915,24165,2019-10-01
KERALA,933,229,82,53,1297,39511.0,2755973.0,143.36497491085726,0.7046002642021753,27839,2019-11-01
KERALA,933,229,82,53,1297,39511.0,2755973.0,143.36497491085726,0.704072880231897,27818,2019-12-01
MADHYA PRADESH,1420,324,72,51,1867,38140.0,11023091.0,34.600095381594876,0.5783190876016511,22057,2018-01-01
MADHYA PRADESH,1420,324,72,51,1867,38140.0,11023091.0,34.600095381594876,0.5555486789070035,21188,2018-02-01
MADHYA PRADESH,1420,324,72,51,1867,38140.0,11023091.0,34.600095381594876,0.4211260743630988,16061,2018-03-01
MADHYA PRADESH,1420,324,72,51,1867,38140.0,11023091.0,34.600095381594876,0.3646751240976502,13908,2018-04-01
MADHYA PRADESH,1420,324,72,51,1867,38140.0,11023091.0,34.600095381594876,0.37374238126752485,14254,2018-05-01
MADHYA PRADESH,1420,324,72,51,1867,38140.0,11023091.0,34.600095381594876,0.37102076561708486,14150,2018-06-01
MADHYA PRADESH,1420,324,72,51,1867,38140.0,11023091.0,34.600095381594876,0.3759802804865023,14339,2018-07-01
MADHYA PRADESH,1420,324,72,51,1867,38140.0,11023091.0,34.600095381594876,0.4150777473856959,15831,2018-08-01
MADHYA PRADESH,1420,324,72,51,1867,38140.0,11023091.0,34.600095381594876,0.409775710159606,15628,2018-09-01
MADHYA PRADESH,1420,324,72,51,1867,38140.0,11023091.0,34.600095381594876,0.4423775147078325,16872,2018-10-01
MADHYA PRADESH,1420,324,72,51,1867,38140.0,11023091.0,34.600095381594876,0.5452640476301466,20796,2018-11-01
MADHYA PRADESH,1420,324,72,51,1867,38140.0,11023091.0,34.600095381594876,0.45679560146580667,17422,2018-12-01
MADHYA PRADESH,1420,324,72,51,1867,38140.0,11023091.0,34.600095381594876,0.5061918921939706,19306,2019-01-01
MADHYA PRADESH,1420,324,72,51,1867,38140.0,11023091.0,34.600095381594876,0.5438789873571355,20743,2019-02-01
MADHYA PRADESH,1420,324,72,51,1867,38140.0,11023091.0,34.600095381594876,0.4254704387870131,16227,2019-03-01
MADHYA PRADESH,1420,324,72,51,1867,38140.0,11023091.0,34.600095381594876,0.4784734761782483,18248,2019-04-01
MADHYA PRADESH,1420,324,72,51,1867,38140.0,11023091.0,34.600095381594876,0.39880404474284176,15210,2019-05-01
MADHYA PRADESH,1420,324,72,51,1867,38140.0,11023091.0,34.600095381594876,0.32444016406221443,12374,2019-06-01
MADHYA PRADESH,1420,324,72,51,1867,38140.0,11023091.0,34.600095381594876,0.36058531211006445,13752,2019-07-01
MADHYA PRADESH,1420,324,72,51,1867,38140.0,11023091.0,34.600095381594876,0.44636289173094734,17024,2019-08-01
MADHYA PRADESH,1420,324,72,51,1867,38140.0,11023091.0,34.600095381594876,0.35397669658124326,13500,2019-09-01
MADHYA PRADESH,1420,324,72,51,1867,38140.0,11023091.0,34.600095381594876,0.4378663371910195,16700,2019-10-01
MADHYA PRADESH,1420,324,72,51,1867,38140.0,11023091.0,34.600095381594876,0.5910345362137436,22542,2019-11-01
MADHYA PRADESH,1420,324,72,51,1867,38140.0,11023091.0,34.600095381594876,0.5363211266813819,20455,2019-12-01
MAHARASHTRA,2638,430,101,70,3239,68998.0,37722136.0,18.291116918723798,0.7388169926206521,50976,2018-01-01
MAHARASHTRA,2638,430,101,70,3239,68998.0,37722136.0,18.291116918723798,0.7643288218442352,52737,2018-02-01
MAHARASHTRA,2638,430,101,70,3239,68998.0,37722136.0,18.291116918723798,0.6458252890491516,44560,2018-03-01
MAHARASHTRA,2638,430,101,70,3239,68998.0,37722136.0,18.291116918723798,0.6545616789315934,45163,2018-04-01
MAHARASHTRA,2638,430,101,70,3239,68998.0,37722136.0,18.291116918723798,0.6441464808776525,44444,2018-05-01
MAHARASHTRA,2638,430,101,70,3239,68998.0,37722136.0,18.291116918723798,0.5886102637800773,40612,2018-06-01
MAHARASHTRA,2638,430,101,70,3239,68998.0,37722136.0,18.291116918723798,0.6961190563823914,48030,2018-07-01
MAHARASHTRA,2638,430,101,70,3239,68998.0,37722136.0,18.291116918723798,0.6905350641956063,47645,2018-08-01
MAHARASHTRA,2638,430,101,70,3239,68998.0,37722136.0,18.291116918723798,0.6195791134789296,42749,2018-09-01
MAHARASHTRA,2638,430,101,70,3239,68998.0,37722136.0,18.291116918723798,0.6069361300875166,41877,2018-10-01
MAHARASHTRA,2638,430,101,70,3239,68998.0,37722136.0,18.291116918723798,0.7100778001377426,48993,2018-11-01
MAHARASHTRA,2638,430,101,70,3239,68998.0,37722136.0,18.291116918723798,0.7018221825651549,48424,2018-12-01
MAHARASHTRA,2638,430,101,70,3239,68998.0,37722136.0,18.291116918723798,0.7094442960755928,48950,2019-01-01
MAHARASHTRA,2638,430,101,70,3239,68998.0,37722136.0,18.291116918723798,0.7683006773416357,53011,2019-02-01
MAHARASHTRA,2638,430,101,70,3239,68998.0,37722136.0,18.291116918723798,0.6071188648460228,41889,2019-03-01
MAHARASHTRA,2638,430,101,70,3239,68998.0,37722136.0,18.291116918723798,0.631897563029376,43599,2019-04-01
MAHARASHTRA,2638,430,101,70,3239,68998.0,37722136.0,18.291116918723798,0.6344875310969453,43778,2019-05-01
MAHARASHTRA,2638,430,101,70,3239,68998.0,37722136.0,18.291116918723798,0.5523271935735825,38109,2019-06-01
MAHARASHTRA,2638,430,101,70,3239,68998.0,37722136.0,18.291116918723798,0.6814468482588936,47018,2019-07-01
MAHARASHTRA,2638,430,101,70,3239,68998.0,37722136.0,18.291116918723798,0.62818547747734,43343,2019-08-01
MAHARASHTRA,2638,430,101,70,3239,68998.0,37722136.0,18.291116918723798,0.6118164827621656,42214,2019-09-01
MAHARASHTRA,2638,430,101,70,3239,68998.0,37722136.0,18.291116918723798,0.669673716536415,46206,2019-10-01
MAHARASHTRA,2638,430,101,70,3239,68998.0,37722136.0,18.291116918723798,0.7628942846779884,52638,2019-11-01
MAHARASHTRA,2638,430,101,70,3239,68998.0,37722136.0,18.291116918723798,0.7877472013527053,54352,2019-12-01
MANIPUR,87,17,1,9,114,2562.0,264986.0,96.68435313563735,0.5602606565705829,1435,2018-01-01
MANIPUR,87,17,1,9,114,2562.0,264986.0,96.68435313563735,0.5705221395577272,1461,2018-02-01
MANIPUR,87,17,1,9,114,2562.0,264986.0,96.68435313563735,0.39230518588569596,1005,2018-03-01
MANIPUR,87,17,1,9,114,2562.0,264986.0,96.68435313563735,0.3766159315669584,964,2018-04-01
MANIPUR,87,17,1,9,114,2562.0,264986.0,96.68435313563735,0.41259221274612873,1057,2018-05-01
MANIPUR,87,17,1,9,114,2562.0,264986.0,96.68435313563735,0.4210252108900896,1078,2018-06-01
MANIPUR,87,17,1,9,114,2562.0,264986.0,96.68435313563735,0.498575771300101,1277,2018-07-01
MANIPUR,87,17,1,9,114,2562.0,264986.0,96.68435313563735,0.41189265153671395,1055,2018-08-01
MANIPUR,87,17,1,9,114,2562.0,264986.0,96.68435313563735,0.40580271286891745,1039,2018-09-01
MANIPUR,87,17,1,9,114,2562.0,264986.0,96.68435313563735,0.4664619441112995,1195,2018-10-01
MANIPUR,87,17,1,9,114,2562.0,264986.0,96.68435313563735,0.5011205310379526,1283,2018-11-01
MANIPUR,87,17,1,9,114,2562.0,264986.0,96.68435313563735,0.5896135988405347,1510,2018-12-01
MANIPUR,87,17,1,9,114,2562.0,264986.0,96.68435313563735,0.5787619127764517,1482,2019-01-01
MANIPUR,87,17,1,9,114,2562.0,264986.0,96.68435313563735,0.5143491041062528,1317,2019-02-01
MANIPUR,87,17,1,9,114,2562.0,264986.0,96.68435313563735,0.4626306601687246,1185,2019-03-01
MANIPUR,87,17,1,9,114,2562.0,264986.0,96.68435313563735,0.4631814311127024,1186,2019-04-01
MANIPUR,87,17,1,9,114,2562.0,264986.0,96.68435313563735,0.3154685803253899,808,2019-05-01
MANIPUR,87,17,1,9,114,2562.0,264986.0,96.68435313563735,0.435382936001935,1115,2019-06-01
MANIPUR,87,17,1,9,114,2562.0,264986.0,96.68435313563735,0.42578785586717854,1090,2019-07-01
MANIPUR,87,17,1,9,114,2562.0,264986.0,96.68435313563735,0.47396861991616124,1214,2019-08-01
MANIPUR,87,17,1,9,114,2562.0,264986.0,96.68435313563735,0.3980074401545918,1019,2019-09-01
MANIPUR,87,17,1,9,114,2562.0,264986.0,96.68435313563735,0.4843284842744301,1240,2019-10-01
MANIPUR,87,17,1,9,114,2562.0,264986.0,96.68435313563735,0.5083802518101245,1302,2019-11-01
MANIPUR,87,17,1,9,114,2562.0,264986.0,96.68435313563735,0.4516256477220447,1157,2019-12-01
MEGHALAYA,138,29,0,13,180,4585.0,143007.0,320.6136762536099,0.5858072964628895,2685,2018-01-01
MEGHALAYA,138,29,0,13,180,4585.0,143007.0,320.6136762536099,0.46369300151792003,2126,2018-02-01
MEGHALAYA,138,29,0,13,180,4585.0,143007.0,320.6136762536099,0.3978970456385622,1824,2018-03-01
MEGHALAYA,138,29,0,13,180,4585.0,143007.0,320.6136762536099,0.49250929505762076,2258,2018-04-01
MEGHALAYA,138,29,0,13,180,4585.0,143007.0,320.6136762536099,0.4425910720406334,2029,2018-05-01
MEGHALAYA,138,29,0,13,180,4585.0,143007.0,320.6136762536099,0.38601568321849294,1769,2018-06-01
MEGHALAYA,138,29,0,13,180,4585.0,143007.0,320.6136762536099,0.4447755818254699,2039,2018-07-01
MEGHALAYA,138,29,0,13,180,4585.0,143007.0,320.6136762536099,0.41726682829674794,1913,2018-08-01
MEGHALAYA,138,29,0,13,180,4585.0,143007.0,320.6136762536099,0.3939816157547097,1806,2018-09-01
MEGHALAYA,138,29,0,13,180,4585.0,143007.0,320.6136762536099,0.39929968180548736,1830,2018-10-01
MEGHALAYA,138,29,0,13,180,4585.0,143007.0,320.6136762536099,0.5508777684115558,2525,2018-11-01
MEGHALAYA,138,29,0,13,180,4585.0,143007.0,320.6136762536099,0.562856179415652,2580,2018-12-01
MEGHALAYA,138,29,0,13,180,4585.0,143007.0,320.6136762536099,0.5687368565588773,2607,2019-01-01
MEGHALAYA,138,29,0,13,180,4585.0,143007.0,320.6136762536099,0.5684427214191831,2606,2019-02-01
MEGHALAYA,138,29,0,13,180,4585.0,143007.0,320.6136762536099,0.3636809154573035,1667,2019-03-01
MEGHALAYA,138,29,0,13,180,4585.0,143007.0,320.6136762536099,0.4241630457053872,1944,2019-04-01
MEGHALAYA,138,29,0,13,180,4585.0,143007.0,320.6136762536099,0.3086338140024966,1415,2019-05-01
MEGHALAYA,138,29,0,13,180,4585.0,143007.0,320.6136762536099,0.3824293323485603,1753,2019-06-01
MEGHALAYA,138,29,0,13,180,4585.0,143007.0,320.6136762536099,0.41622957520600656,1908,2019-07-01
MEGHALAYA,138,29,0,13,180,4585.0,143007.0,320.6136762536099,0.48315562741374496,2215,2019-08-01
MEGHALAYA,138,29,0,13,180,4585.0,143007.0,320.6136762536099,0.4026372518828118,1846,2019-09-01
MEGHALAYA,138,29,0,13,180,4585.0,143007.0,320.6136762536099,0.36756005246414086,1685,2019-10-01
MEGHALAYA,138,29,0,13,180,4585.0,143007.0,320.6136762536099,0.4714487523079254,2161,2019-11-01
MEGHALAYA,138,29,0,13,180,4585.0,143007.0,320.6136762536099,0.5642265947576208,2586,2019-12-01
MIZORAM,65,10,3,9,87,2312.0,291822.0,79.22637772340673,0.5427327094974391,1254,2018-01-01
MIZORAM,65,10,3,9,87,2312.0,291822.0,79.22637772340673,0.46516840141841853,1075,2018-02-01
MIZORAM,65,10,3,9,87,2312.0,291822.0,79.22637772340673,0.3626160209172496,838,2018-03-01
MIZORAM,65,10,3,9,87,2312.0,291822.0,79.22637772340673,0.455145369718868,1052,2018-04-01
MIZORAM,65,10,3,9,87,2312.0,291822.0,79.22637772340673,0.310914450954629,718,2018-05-01
MIZORAM,65,10,3,9,87,2312.0,291822.0,79.22637772340673,0.42327900889355347,978,2018-06-01
MIZORAM,65,10,3,9,87,2312.0,291822.0,79.22637772340673,0.45593633407347445,1054,2018-07-01
MIZORAM,65,10,3,9,87,2312.0,291822.0,79.22637772340673,0.3622023170962849,837,2018-08-01
MIZORAM,65,10,3,9,87,2312.0,291822.0,79.22637772340673,0.36272565711277877,838,2018-09-01
MIZORAM,65,10,3,9,87,2312.0,291822.0,79.22637772340673,0.4979959367751763,1151,2018-10-01
MIZORAM,65,10,3,9,87,2312.0,291822.0,79.22637772340673,0.506140619363418,1170,2018-11-01
MIZORAM,65,10,3,9,87,2312.0,291822.0,79.22637772340673,0.5055963220600336,1168,2018-12-01
MIZORAM,65,10,3,9,87,2312.0,291822.0,79.22637772340673,0.5719199350886254,1322,2019-01-01
MIZORAM,65,10,3,9,87,2312.0,291822.0,79.22637772340673,0.5920872866075788,1368,2019-02-01
MIZORAM,65,10,3,9,87,2312.0,291822.0,79.22637772340673,0.49790015957343065,1151,2019-03-01
MIZORAM,65,10,3,9,87,2312.0,291822.0,79.22637772340673,0.4630067277888412,1070,2019-04-01
MIZORAM,65,10,3,9,87,2312.0,291822.0,79.22637772340673,0.35643893782963737,824,2019-05-01
MIZORAM,65,10,3,9,87,2312.0,291822.0,79.22637772340673,0.3125251075048003,722,2019-06-01
MIZORAM,65,10,3,9,87,2312.0,291822.0,79.22637772340673,0.4665720373891155,1078,2019-07-01
MIZORAM,65,10,3,9,87,2312.0,291822.0,79.22637772340673,0.43376063746037075,1002,2019-08-01
MIZORAM,65,10,3,9,87,2312.0,291822.0,79.22637772340673,0.41363330138704646,956,2019-09-01
MIZORAM,65,10,3,9,87,2312.0,291822.0,79.22637772340673,0.4859531577642104,1123,2019-10-01
MIZORAM,65,10,3,9,87,2312.0,291822.0,79.22637772340673,0.46667962234592264,1078,2019-11-01
MIZORAM,65,10,3,9,87,2312.0,291822.0,79.22637772340673,0.5238937656436289,1211,2019-12-01
NAGALAND,134,21,0,11,166,1944.0,123777.0,157.05664218715916,0.45170304671511285,878,2018-01-01
NAGALAND,134,21,0,11,166,1944.0,123777.0,157.05664218715916,0.520299096299119,1011,2018-02-01
NAGALAND,134,21,0,11,166,1944.0,123777.0,157.05664218715916,0.3584454913522756,696,2018-03-01
NAGALAND,134,21,0,11,166,1944.0,123777.0,157.05664218715916,0.3678226874402108,715,2018-04-01
NAGALAND,134,21,0,11,166,1944.0,123777.0,157.05664218715916,0.31762893701656575,617,2018-05-01
NAGALAND,134,21,0,11,166,1944.0,123777.0,157.05664218715916,0.39738154531740955,772,2018-06-01
NAGALAND,134,21,0,11,166,1944.0,123777.0,157.05664218715916,0.46190673188981346,897,2018-07-01
NAGALAND,134,21,0,11,166,1944.0,123777.0,157.05664218715916,0.43750531476457394,850,2018-08-01
NAGALAND,134,21,0,11,166,1944.0,123777.0,157.05664218715916,0.4943258822711813,960,2018-09-01
NAGALAND,134,21,0,11,166,1944.0,123777.0,157.05664218715916,0.4062305869285556,789,2018-10-01
NAGALAND,134,21,0,11,166,1944.0,123777.0,157.05664218715916,0.4928568129422791,958,2018-11-01
NAGALAND,134,21,0,11,166,1944.0,123777.0,157.05664218715916,0.5802898692284191,1128,2018-12-01
NAGALAND,134,21,0,11,166,1944.0,123777.0,157.05664218715916,0.48353937577791783,940,2019-01-01
NAGALAND,134,21,0,11,166,1944.0,123777.0,157.05664218715916,0.5944833809160917,1155,2019-02-01
NAGALAND,134,21,0,11,166,1944.0,123777.0,157.05664218715916,0.35182317120347245,683,2019-03-01
NAGALAND,134,21,0,11,166,1944.0,123777.0,157.05664218715916,0.4954818240061458,963,2019-04-01
NAGALAND,134,21,0,11,166,1944.0,123777.0,157.05664218715916,0.3064739867925864,595,2019-05-01
NAGALAND,134,21,0,11,166,1944.0,123777.0,157.05664218715916,0.43367146705471066,843,2019-06-01
NAGALAND,134,21,0,11,166,1944.0,123777.0,157.05664218715916,0.429155166362945,834,2019-07-01
NAGALAND,134,21,0,11,166,1944.0,123777.0,157.05664218715916,0.4989447194178951,969,2019-08-01
NAGALAND,134,21,0,11,166,1944.0,123777.0,157.05664218715916,0.3610694847103098,701,2019-09-01
NAGALAND,134,21,0,11,166,1944.0,123777.0,157.05664218715916,0.4330781426601981,841,2019-10-01
NAGALAND,134,21,0,11,166,1944.0,123777.0,157.05664218715916,0.5953953803428649,1157,2019-11-01
NAGALAND,134,21,0,11,166,1944.0,123777.0,157.05664218715916,0.5284646766255223,1027,2019-12-01
PUNJAB,521,146,47,28,742,13527.0,5821876.0,23.23477861775139,0.6444097957202893,8716,2018-01-01
PUNJAB,521,146,47,28,742,13527.0,5821876.0,23.23477861775139,0.6543623033476925,8851,2018-02-01
PUNJAB,521,146,47,28,742,13527.0,5821876.0,23.23477861775139,0.518181159715166,7009,2018-03-01
PUNJAB,521,146,47,28,742,13527.0,5821876.0,23.23477861775139,0.5441337120126095,7360,2018-04-01
PUNJAB,521,146,47,28,742,13527.0,5821876.0,23.23477861775139,0.48764714678846505,6596,2018-05-01
PUNJAB,521,146,47,28,742,13527.0,5821876.0,23.23477861775139,0.5351737015736483,7239,2018-06-01
PUNJAB,521,146,47,28,742,13527.0,5821876.0,23.23477861775139,0.45681695705121866,6179,2018-07-01
PUNJAB,521,146,47,28,742,13527.0,5821876.0,23.23477861775139,0.4921444784388346,6657,2018-08-01
PUNJAB,521,146,47,28,742,13527.0,5821876.0,23.23477861775139,0.5925617226114838,8015,2018-09-01
PUNJAB,521,146,47,28,742,13527.0,5821876.0,23.23477861775139,0.5835395675836375,7893,2018-10-01
PUNJAB,521,146,47,28,742,13527.0,5821876.0,23.23477861775139,0.6183485129178569,8364,2018-11-01
PUNJAB,521,146,47,28,742,13527.0,5821876.0,23.23477861775139,0.6430198896702305,8698,2018-12-01
PUNJAB,521,146,47,28,742,13527.0,5821876.0,23.23477861775139,0.59160717744717,8002,2019-01-01
PUNJAB,521,146,47,28,742,13527.0,5821876.0,23.23477861775139,0.5782181739585642,7821,2019-02-01
PUNJAB,521,146,47,28,742,13527.0,5821876.0,23.23477861775139,0.5195547607409974,7028,2019-03-01
PUNJAB,521,146,47,28,742,13527.0,5821876.0,23.23477861775139,0.5030028342039079,6804,2019-04-01
PUNJAB,521,146,47,28,742,13527.0,5821876.0,23.23477861775139,0.4875484167776308,6595,2019-05-01
PUNJAB,521,146,47,28,742,13527.0,5821876.0,23.23477861775139,0.41166019554474775,5568,2019-06-01
PUNJAB,521,146,47,28,742,13527.0,5821876.0,23.23477861775139,0.5961592211499249,8064,2019-07-01
PUNJAB,521,146,47,28,742,13527.0,5821876.0,23.23477861775139,0.5979316116719404,8088,2019-08-01
PUNJAB,521,146,47,28,742,13527.0,5821876.0,23.23477861775139,0.5547242571029618,7503,2019-09-01
PUNJAB,521,146,47,28,742,13527.0,5821876.0,23.23477861775139,0.5304144549516181,7174,2019-10-01
PUNJAB,521,146,47,28,742,13527.0,5821876.0,23.23477861775139,0.5964291424429492,8067,2019-11-01
PUNJAB,521,146,47,28,742,13527.0,5821876.0,23.23477861775139,0.6720692529560423,9091,2019-12-01
RAJASTHAN,2463,579,64,33,3139,51844.0,10443016.0,49.64466204016158,0.5527096758830818,28654,2018-01-01
RAJASTHAN,2463,579,64,33,3139,51844.0,10443016.0,49.64466204016158,0.47439254090173366,24594,2018-02-01
RAJASTHAN,2463,579,64,33,3139,51844.0,10443016.0,49.64466204016158,0.4866390776740764,25229,2018-03-01
RAJASTHAN,2463,579,64,33,3139,51844.0,10443016.0,49.64466204016158,0.47338058643847536,24541,2018-04-01
RAJASTHAN,2463,579,64,33,3139,51844.0,10443016.0,49.64466204016158,0.44246998699378864,22939,2018-05-01
RAJASTHAN,2463,579,64,33,3139,51844.0,10443016.0,49.64466204016158,0.408857926258254,21196,2018-06-01
RAJASTHAN,2463,579,64,33,3139,51844.0,10443016.0,49.64466204016158,0.44201227939036847,22915,2018-07-01
RAJASTHAN,2463,579,64,33,3139,51844.0,10443016.0,49.64466204016158,0.41273645544359283,21397,2018-08-01
RAJASTHAN,2463,579,64,33,3139,51844.0,10443016.0,49.64466204016158,0.489909272503102,25398,2018-09-01
RAJASTHAN,2463,579,64,33,3139,51844.0,10443016.0,49.64466204016158,0.47990958342506124,24880,2018-10-01
RAJASTHAN,2463,579,64,33,3139,51844.0,10443016.0,49.64466204016158,0.45678280051592834,23681,2018-11-01
RAJASTHAN,2463,579,64,33,3139,51844.0,10443016.0,49.64466204016158,0.4539550461745878,23534,2018-12-01
RAJASTHAN,2463,579,64,33,3139,51844.0,10443016.0,49.64466204016158,0.5064695050317074,26257,2019-01-01
RAJASTHAN,2463,579,64,33,3139,51844.0,10443016.0,49.64466204016158,0.5715829996172749,29633,2019-02-01
RAJASTHAN,2463,579,64,33,3139,51844.0,10443016.0,49.64466204016158,0.49809141939724166,25823,2019-03-01
RAJASTHAN,2463,579,64,33,3139,51844.0,10443016.0,49.64466204016158,0.3725625336655292,19315,2019-04-01
RAJASTHAN,2463,579,64,33,3139,51844.0,10443016.0,49.64466204016158,0.3891196073028203,20173,2019-05-01
RAJASTHAN,2463,579,64,33,3139,51844.0,10443016.0,49.64466204016158,0.35713362849465324,18515,2019-06-01
RAJASTHAN,2463,579,64,33,3139,51844.0,10443016.0,49.64466204016158,0.4954871596721905,25688,2019-07-01
RAJASTHAN,2463,579,64,33,3139,51844.0,10443016.0,49.64466204016158,0.4763178384703563,24694,2019-08-01
RAJASTHAN,2463,579,64,33,3139,51844.0,10443016.0,49.64466204016158,0.4757493057066707,24664,2019-09-01
RAJASTHAN,2463,579,64,33,3139,51844.0,10443016.0,49.64466204016158,0.4203039739692455,21790,2019-10-01
RAJASTHAN,2463,579,64,33,3139,51844.0,10443016.0,49.64466204016158,0.5122229253506497,26555,2019-11-01
RAJASTHAN,2463,579,64,33,3139,51844.0,10443016.0,49.64466204016158,0.4910110607896059,25455,2019-12-01
SIKKIM,25,2,1,4,32,1145.0,610577.0,18.752753542960185,0.558456324497639,639,2018-01-01
SIKKIM,25,2,1,4,32,1145.0,610577.0,18.752753542960185,0.6797083564382579,778,2018-02-01
SIKKIM,25,2,1,4,32,1145.0,610577.0,18.752753542960185,0.5719351513695117,654,2018-03-01
SIKKIM,25,2,1,4,32,1145.0,610577.0,18.752753542960185,0.5999576509929195,686,2018-04-01
SIKKIM,25,2,1,4,32,1145.0,610577.0,18.752753542960185,0.5494955255610857,629,2018-05-01
SIKKIM,25,2,1,4,32,1145.0,610577.0,18.752753542960185,0.48331475584039413,553,2018-06-01
SIKKIM,25,2,1,4,32,1145.0,610577.0,18.752753542960185,0.5653481122770766,647,2018-07-01
SIKKIM,25,2,1,4,32,1145.0,610577.0,18.752753542960185,0.5917148594823642,677,2018-08-01
SIKKIM,25,2,1,4,32,1145.0,610577.0,18.752753542960185,0.5774471086016117,661,2018-09-01
SIKKIM,25,2,1,4,32,1145.0,610577.0,18.752753542960185,0.4871022152614797,557,2018-10-01
SIKKIM,25,2,1,4,32,1145.0,610577.0,18.752753542960185,0.617581620296514,707,2018-11-01
SIKKIM,25,2,1,4,32,1145.0,610577.0,18.752753542960185,0.5693739122727243,651,2018-12-01
SIKKIM,25,2,1,4,32,1145.0,610577.0,18.752753542960185,0.6931076540888083,793,2019-01-01
SIKKIM,25,2,1,4,32,1145.0,610577.0,18.752753542960185,0.6409261951676319,733,2019-02-01
SIKKIM,25,2,1,4,32,1145.0,610577.0,18.752753542960185,0.48429642082551944,554,2019-03-01
SIKKIM,25,2,1,4,32,1145.0,610577.0,18.752753542960185,0.5507551026608785,630,2019-04-01
SIKKIM,25,2,1,4,32,1145.0,610577.0,18.752753542960185,0.49271923606868434,564,2019-05-01
SIKKIM,25,2,1,4,32,1145.0,610577.0,18.752753542960185,0.4537244077049261,519,2019-06-01
SIKKIM,25,2,1,4,32,1145.0,610577.0,18.752753542960185,0.46703363882994436,534,2019-07-01
SIKKIM,25,2,1,4,32,1145.0,610577.0,18.752753542960185,0.5507359793389199,630,2019-08-01
SIKKIM,25,2,1,4,32,1145.0,610577.0,18.752753542960185,0.528046155135569,604,2019-09-01
SIKKIM,25,2,1,4,32,1145.0,610577.0,18.752753542960185,0.5658477587603459,647,2019-10-01
SIKKIM,25,2,1,4,32,1145.0,610577.0,18.752753542960185,0.628024525166799,719,2019-11-01
SIKKIM,25,2,1,4,32,1145.0,610577.0,18.752753542960185,0.6778272250477809,776,2019-12-01
TAMIL NADU,1854,385,310,32,2581,72616.0,13879395.0,52.31928336933995,0.7551906838774485,54838,2018-01-01
TAMIL NADU,1854,385,310,32,2581,72616.0,13879395.0,52.31928336933995,0.7560937971535385,54904,2018-02-01
TAMIL NADU,1854,385,310,32,2581,72616.0,13879395.0,52.31928336933995,0.6876653602658345,49935,2018-03-01
TAMIL NADU,1854,385,310,32,2581,72616.0,13879395.0,52.31928336933995,0.6403482866212397,46499,2018-04-01
TAMIL NADU,1854,385,310,32,2581,72616.0,13879395.0,52.31928336933995,0.563401522845064,40911,2018-05-01
TAMIL NADU,1854,385,310,32,2581,72616.0,13879395.0,52.31928336933995,0.5528782676313339,40147,2018-06-01
TAMIL NADU,1854,385,310,32,2581,72616.0,13879395.0,52.31928336933995,0.6755137255673619,49053,2018-07-01
TAMIL NADU,1854,385,310,32,2581,72616.0,13879395.0,52.31928336933995,0.6620309551353465,48074,2018-08-01
TAMIL NADU,1854,385,310,32,2581,72616.0,13879395.0,52.31928336933995,0.6704079768099223,48682,2018-09-01
TAMIL NADU,1854,385,310,32,2581,72616.0,13879395.0,52.31928336933995,0.621296416150891,45116,2018-10-01
TAMIL NADU,1854,385,310,32,2581,72616.0,13879395.0,52.31928336933995,0.7136371475586769,51821,2018-11-01
TAMIL NADU,1854,385,310,32,2581,72616.0,13879395.0,52.31928336933995,0.7014544665667881,50936,2018-12-01
TAMIL NADU,1854,385,310,32,2581,72616.0,13879395.0,52.31928336933995,0.7350587558806596,53377,2019-01-01
TAMIL NADU,1854,385,310,32,2581,72616.0,13879395.0,52.31928336933995,0.7589917686854633,55114,2019-02-01
TAMIL NADU,1854,385,310,32,2581,72616.0,13879395.0,52.31928336933995,0.6392244045099732,46417,2019-03-01
TAMIL NADU,1854,385,310,32,2581,72616.0,13879395.0,52.31928336933995,0.6437474922023729,46746,2019-04-01
TAMIL NADU,1854,385,310,32,2581,72616.0,13879395.0,52.31928336933995,0.6404158694493748,46504,2019-05-01
TAMIL NADU,1854,385,310,32,2581,72616.0,13879395.0,52.31928336933995,0.58482554670233,42467,2019-06-01
TAMIL NADU,1854,385,310,32,2581,72616.0,13879395.0,52.31928336933995,0.651398948915981,47301,2019-07-01
TAMIL NADU,1854,385,310,32,2581,72616.0,13879395.0,52.31928336933995,0.6783653012741142,49260,2019-08-01
TAMIL NADU,1854,385,310,32,2581,72616.0,13879395.0,52.31928336933995,0.639654278232127,46449,2019-09-01
TAMIL NADU,1854,385,310,32,2581,72616.0,13879395.0,52.31928336933995,0.6622086700227873,48086,2019-10-01
TAMIL NADU,1854,385,310,32,2581,72616.0,13879395.0,52.31928336933995,0.7862363708746745,57093,2019-11-01
TAMIL NADU,1854,385,310,32,2581,72616.0,13879395.0,52.31928336933995,0.7949520623657641,57726,2019-12-01
TELANGANA,788,82,47,15,932,17358.0,35003674.0,4.958908027768742,0.7147073480929037,12405,2018-01-01
TELANGANA,788,82,47,15,932,17358.0,35003674.0,4.958908027768742,0.7926587625161494,13758,2018-02-01
TELANGANA,788,82,47,15,932,17358.0,35003674.0,4.958908027768742,0.6492116293079537,11269,2018-03-01
TELANGANA,788,82,47,15,932,17358.0,35003674.0,4.958908027768742,0.6258244388298958,10863,2018-04-01
TELANGANA,788,82,47,15,932,17358.0,35003674.0,4.958908027768742,0.5959135756238261,10343,2018-05-01
TELANGANA,788,82,47,15,932,17358.0,35003674.0,4.958908027768742,0.6480032575285476,11248,2018-06-01
TELANGANA,788,82,47,15,932,17358.0,35003674.0,4.958908027768742,0.6492618093992869,11269,2018-07-01
TELANGANA,788,82,47,15,932,17358.0,35003674.0,4.958908027768742,0.6328751610287507,10985,2018-08-01
TELANGANA,788,82,47,15,932,17358.0,35003674.0,4.958908027768742,0.6633400854316726,11514,2018-09-01
TELANGANA,788,82,47,15,932,17358.0,35003674.0,4.958908027768742,0.6240145618778192,10831,2018-10-01
TELANGANA,788,82,47,15,932,17358.0,35003674.0,4.958908027768742,0.7075863328108664,12282,2018-11-01
TELANGANA,788,82,47,15,932,17358.0,35003674.0,4.958908027768742,0.7128879721910649,12374,2018-12-01
TELANGANA,788,82,47,15,932,17358.0,35003674.0,4.958908027768742,0.7128045838957772,12372,2019-01-01
TELANGANA,788,82,47,15,932,17358.0,35003674.0,4.958908027768742,0.7151902693512294,12414,2019-02-01
TELANGANA,788,82,47,15,932,17358.0,35003674.0,4.958908027768742,0.613882717264941,10655,2019-03-01
TELANGANA,788,82,47,15,932,17358.0,35003674.0,4.958908027768742,0.6640874744803215,11527,2019-04-01
TELANGANA,788,82,47,15,932,17358.0,35003674.0,4.958908027768742,0.5681880084399145,9862,2019-05-01
TELANGANA,788,82,47,15,932,17358.0,35003674.0,4.958908027768742,0.5845667283323862,10146,2019-06-01
TELANGANA,788,82,47,15,932,17358.0,35003674.0,4.958908027768742,0.6896788409906012,11971,2019-07-01
TELANGANA,788,82,47,15,932,17358.0,35003674.0,4.958908027768742,0.6473961640262872,11237,2019-08-01
TELANGANA,788,82,47,15,932,17358.0,35003674.0,4.958908027768742,0.6667557738521027,11573,2019-09-01
TELANGANA,788,82,47,15,932,17358.0,35003674.0,4.958908027768742,0.6172319871201629,10713,2019-10-01
TELANGANA,788,82,47,15,932,17358.0,35003674.0,4.958908027768742,0.7192289018808671,12484,2019-11-01
TELANGANA,788,82,47,15,932,17358.0,35003674.0,4.958908027768742,0.7040868616266478,12221,2019-12-01
TRIPURA,114,22,12,9,157,4895.0,399688.0,122.47052701106863,0.4753402594608247,2326,2018-01-01
TRIPURA,114,22,12,9,157,4895.0,399688.0,122.47052701106863,0.4917885508547938,2407,2018-02-01
TRIPURA,114,22,12,9,157,4895.0,399688.0,122.47052701106863,0.376551572641512,1843,2018-03-01
TRIPURA,114,22,12,9,157,4895.0,399688.0,122.47052701106863,0.36330538006355834,1778,2018-04-01
TRIPURA,114,22,12,9,157,4895.0,399688.0,122.47052701106863,0.31809538066509013,1557,2018-05-01
TRIPURA,114,22,12,9,157,4895.0,399688.0,122.47052701106863,0.36911681520490885,1806,2018-06-01
TRIPURA,114,22,12,9,157,4895.0,399688.0,122.47052701106863,0.3809500577608689,1864,2018-07-01
TRIPURA,114,22,12,9,157,4895.0,399688.0,122.47052701106863,0.4046404791572113,1980,2018-08-01
TRIPURA,114,22,12,9,157,4895.0,399688.0,122.47052701106863,0.42551259062822855,2082,2018-09-01
TRIPURA,114,22,12,9,157,4895.0,399688.0,122.47052701106863,0.45355922429440476,2220,2018-10-01
TRIPURA,114,22,12,9,157,4895.0,399688.0,122.47052701106863,0.4558968209761648,2231,2018-11-01
TRIPURA,114,22,12,9,157,4895.0,399688.0,122.47052701106863,0.5699115598363564,2789,2018-12-01
TRIPURA,114,22,12,9,157,4895.0,399688.0,122.47052701106863,0.5441850584236362,2663,2019-01-01
TRIPURA,114,22,12,9,157,4895.0,399688.0,122.47052701106863,0.4622638547923308,2262,2019-02-01
TRIPURA,114,22,12,9,157,4895.0,399688.0,122.47052701106863,0.4810367936160166,2354,2019-03-01
TRIPURA,114,22,12,9,157,4895.0,399688.0,122.47052701106863,0.48813086007977197,2389,2019-04-01
TRIPURA,114,22,12,9,157,4895.0,399688.0,122.47052701106863,0.30916169397822957,1513,2019-05-01
TRIPURA,114,22,12,9,157,4895.0,399688.0,122.47052701106863,0.34153164722208057,1671,2019-06-01
TRIPURA,114,22,12,9,157,4895.0,399688.0,122.47052701106863,0.4709301919689592,2305,2019-07-01
TRIPURA,114,22,12,9,157,4895.0,399688.0,122.47052701106863,0.46223895355754874,2262,2019-08-01
TRIPURA,114,22,12,9,157,4895.0,399688.0,122.47052701106863,0.3776781529034566,1848,2019-09-01
TRIPURA,114,22,12,9,157,4895.0,399688.0,122.47052701106863,0.3814023985005065,1866,2019-10-01
TRIPURA,114,22,12,9,157,4895.0,399688.0,122.47052701106863,0.5055708154187073,2474,2019-11-01
TRIPURA,114,22,12,9,157,4895.0,399688.0,122.47052701106863,0.5226784477786531,2558,2019-12-01
UTTAR PRADESH,3277,671,0,174,4122,58310.0,25302925.0,23.04476656354947,0.5427382157295444,31647,2018-01-01
UTTAR PRADESH,3277,671,0,174,4122,58310.0,25302925.0,23.04476656354947,0.5053370459354658,29466,2018-02-01
UTTAR PRADESH,3277,671,0,174,4122,58310.0,25302925.0,23.04476656354947,0.4193802074199722,24454,2018-03-01
UTTAR PRADESH,3277,671,0,174,4122,58310.0,25302925.0,23.04476656354947,0.4621206407200635,26946,2018-04-01
UTTAR PRADESH,3277,671,0,174,4122,58310.0,25302925.0,23.04476656354947,0.3055024804335897,17813,2018-05-01
UTTAR PRADESH,3277,671,0,174,4122,58310.0,25302925.0,23.04476656354947,0.3378655416516031,19700,2018-06-01
UTTAR PRADESH,3277,671,0,174,4122,58310.0,25302925.0,23.04476656354947,0.45700243788268285,26647,2018-07-01
UTTAR PRADESH,3277,671,0,174,4122,58310.0,25302925.0,23.04476656354947,0.4842810256530799,28238,2018-08-01
UTTAR PRADESH,3277,671,0,174,4122,58310.0,25302925.0,23.04476656354947,0.4267516163173499,24883,2018-09-01
UTTAR PRADESH,3277,671,0,174,4122,58310.0,25302925.0,23.04476656354947,0.42981702278979733,25062,2018-10-01
UTTAR PRADESH,3277,671,0,174,4122,58310.0,25302925.0,23.04476656354947,0.4660758017009664,27176,2018-11-01
UTTAR PRADESH,3277,671,0,174,4122,58310.0,25302925.0,23.04476656354947,0.5171118550235182,30152,2018-12-01
UTTAR PRADESH,3277,671,0,174,4122,58310.0,25302925.0,23.04476656354947,0.5298925899682535,30898,2019-01-01
UTTAR PRADESH,3277,671,0,174,4122,58310.0,25302925.0,23.04476656354947,0.48637057554520946,28360,2019-02-01
UTTAR PRADESH,3277,671,0,174,4122,58310.0,25302925.0,23.04476656354947,0.3903864846424071,22763,2019-03-01
UTTAR PRADESH,3277,671,0,174,4122,58310.0,25302925.0,23.04476656354947,0.4065926244656934,23708,2019-04-01
UTTAR PRADESH,3277,671,0,174,4122,58310.0,25302925.0,23.04476656354947,0.30301067966665896,17668,2019-05-01
UTTAR PRADESH,3277,671,0,174,4122,58310.0,25302925.0,23.04476656354947,0.3483118748374767,20310,2019-06-01
UTTAR PRADESH,3277,671,0,174,4122,58310.0,25302925.0,23.04476656354947,0.3817172010494817,22257,2019-07-01
UTTAR PRADESH,3277,671,0,174,4122,58310.0,25302925.0,23.04476656354947,0.39912460282668716,23272,2019-08-01
UTTAR PRADESH,3277,671,0,174,4122,58310.0,25302925.0,23.04476656354947,0.3679643197728877,21455,2019-09-01
UTTAR PRADESH,3277,671,0,174,4122,58310.0,25302925.0,23.04476656354947,0.48357909211098427,28197,2019-10-01
UTTAR PRADESH,3277,671,0,174,4122,58310.0,25302925.0,23.04476656354947,0.5390388680331073,31431,2019-11-01
UTTAR PRADESH,3277,671,0,174,4122,58310.0,25302925.0,23.04476656354947,0.5518653478716734,32179,2019-12-01
UTTARAKHAND,275,69,19,20,383,6660.0,1340397.0,49.68677190414481,0.6683756857911007,4451,2018-01-01
UTTARAKHAND,275,69,19,20,383,6660.0,1340397.0,49.68677190414481,0.6247663298393585,4160,2018-02-01
UTTARAKHAND,275,69,19,20,383,6660.0,1340397.0,49.68677190414481,0.46303804321311354,3083,2018-03-01
UTTARAKHAND,275,69,19,20,383,6660.0,1340397.0,49.68677190414481,0.5305659812727822,3533,2018-04-01
UTTARAKHAND,275,69,19,20,383,6660.0,1340397.0,49.68677190414481,0.48802616770313184,3250,2018-05-01
UTTARAKHAND,275,69,19,20,383,6660.0,1340397.0,49.68677190414481,0.5118159211276494,3408,2018-06-01
UTTARAKHAND,275,69,19,20,383,6660.0,1340397.0,49.68677190414481,0.5147489319344519,3428,2018-07-01
UTTARAKHAND,275,69,19,20,383,6660.0,1340397.0,49.68677190414481,0.46913704541933454,3124,2018-08-01
UTTARAKHAND,275,69,19,20,383,6660.0,1340397.0,49.68677190414481,0.49256638586980867,3280,2018-09-01
UTTARAKHAND,275,69,19,20,383,6660.0,1340397.0,49.68677190414481,0.5044623444597953,3359,2018-10-01
UTTARAKHAND,275,69,19,20,383,6660.0,1340397.0,49.68677190414481,0.6468875861997402,4308,2018-11-01
UTTARAKHAND,275,69,19,20,383,6660.0,1340397.0,49.68677190414481,0.6356167457003368,4233,2018-12-01
UTTARAKHAND,275,69,19,20,383,6660.0,1340397.0,49.68677190414481,0.603414508884677,4018,2019-01-01
UTTARAKHAND,275,69,19,20,383,6660.0,1340397.0,49.68677190414481,0.6979772873189469,4648,2019-02-01
UTTARAKHAND,275,69,19,20,383,6660.0,1340397.0,49.68677190414481,0.540866222903533,3602,2019-03-01
UTTARAKHAND,275,69,19,20,383,6660.0,1340397.0,49.68677190414481,0.4855840187603992,3233,2019-04-01
UTTARAKHAND,275,69,19,20,383,6660.0,1340397.0,49.68677190414481,0.4152673708930606,2765,2019-05-01
UTTARAKHAND,275,69,19,20,383,6660.0,1340397.0,49.68677190414481,0.4229288708776498,2816,2019-06-01
UTTARAKHAND,275,69,19,20,383,6660.0,1340397.0,49.68677190414481,0.48689365925767625,3242,2019-07-01
UTTARAKHAND,275,69,19,20,383,6660.0,1340397.0,49.68677190414481,0.4741022059889334,3157,2019-08-01
UTTARAKHAND,275,69,19,20,383,6660.0,1340397.0,49.68677190414481,0.4779850536076959,3183,2019-09-01
UTTARAKHAND,275,69,19,20,383,6660.0,1340397.0,49.68677190414481,0.49276427530407707,3281,2019-10-01
UTTARAKHAND,275,69,19,20,383,6660.0,1340397.0,49.68677190414481,0.5760060392942132,3836,2019-11-01
UTTARAKHAND,275,69,19,20,383,6660.0,1340397.0,49.68677190414481,0.6845148136939637,4558,2019-12-01
WEST BENGAL,1374,406,70,55,1905,51163.0,18063509.0,28.323954111020182,0.7080233745661642,36224,2018-01-01
WEST BENGAL,1374,406,70,55,1905,51163.0,18063509.0,28.323954111020182,0.7524511389570254,38497,2018-02-01
WEST BENGAL,1374,406,70,55,1905,51163.0,18063509.0,28.323954111020182,0.6410396826989662,32797,2018-03-01
WEST BENGAL,1374,406,70,55,1905,51163.0,18063509.0,28.323954111020182,0.6982378616908606,35723,2018-04-01
WEST BENGAL,1374,406,70,55,1905,51163.0,18063509.0,28.323954111020182,0.5612038902168052,28712,2018-05-01
WEST BENGAL,1374,406,70,55,1905,51163.0,18063509.0,28.323954111020182,0.589785559904574,30175,2018-06-01
WEST BENGAL,1374,406,70,55,1905,51163.0,18063509.0,28.323954111020182,0.6969470433275369,35657,2018-07-01
WEST BENGAL,1374,406,70,55,1905,51163.0,18063509.0,28.323954111020182,0.6865507125893979,35125,2018-08-01
WEST BENGAL,1374,406,70,55,1905,51163.0,18063509.0,28.323954111020182,0.6817072070949279,34878,2018-09-01
WEST BENGAL,1374,406,70,55,1905,51163.0,18063509.0,28.323954111020182,0.625790282704494,32017,2018-10-01
WEST BENGAL,1374,406,70,55,1905,51163.0,18063509.0,28.323954111020182,0.7170887587390066,36688,2018-11-01
WEST BENGAL,1374,406,70,55,1905,51163.0,18063509.0,28.323954111020182,0.766864321992443,39235,2018-12-01
WEST BENGAL,1374,406,70,55,1905,51163.0,18063509.0,28.323954111020182,0.7929375989127585,40569,2019-01-01
WEST BENGAL,1374,406,70,55,1905,51163.0,18063509.0,28.323954111020182,0.755676289301393,38662,2019-02-01
WEST BENGAL,1374,406,70,55,1905,51163.0,18063509.0,28.323954111020182,0.6571612689469899,33622,2019-03-01
WEST BENGAL,1374,406,70,55,1905,51163.0,18063509.0,28.323954111020182,0.6279979093660284,32130,2019-04-01
WEST BENGAL,1374,406,70,55,1905,51163.0,18063509.0,28.323954111020182,0.6269492933191936,32076,2019-05-01
WEST BENGAL,1374,406,70,55,1905,51163.0,18063509.0,28.323954111020182,0.5687043748557523,29096,2019-06-01
WEST BENGAL,1374,406,70,55,1905,51163.0,18063509.0,28.323954111020182,0.6323679236404244,32353,2019-07-01
WEST BENGAL,1374,406,70,55,1905,51163.0,18063509.0,28.323954111020182,0.6425436438616416,32874,2019-08-01
WEST BENGAL,1374,406,70,55,1905,51163.0,18063509.0,28.323954111020182,0.6507610378684454,33294,2019-09-01
WEST BENGAL,1374,406,70,55,1905,51163.0,18063509.0,28.323954111020182,0.624240973241508,31938,2019-10-01
WEST BENGAL,1374,406,70,55,1905,51163.0,18063509.0,28.323954111020182,0.7114836824739204,36401,2019-11-01
WEST BENGAL,1374,406,70,55,1905,51163.0,18063509.0,28.323954111020182,0.7610620042441633,38938,2019-12-01
